,agent,opponent,episode,num_actions,episode_reward,cumulative_reward,time_per_episode,action_history,q_total,q_mean
0,"Qlearntab_Language_{'alpha': 0.05, 'gamma': 0.95, 'epsilon': 0.2, 'epsilon_step': 0.01}",,0,4,-1.2,-1.2,0.03690052032470703,"['down', 'up', 'down', 'right', 'right']",-0.059875000000000005,-0.014968750000000001
1,"Qlearntab_Language_{'alpha': 0.05, 'gamma': 0.95, 'epsilon': 0.2, 'epsilon_step': 0.01}",,1,16,0.19999999999999984,-1.0,0.13663387298583984,"['left', 'up', 'left', 'down', 'down', 'right', 'down', 'up', 'right', 'right', 'right', 'up', 'down', 'down', 'down', 'up', 'right']",-0.049925640625000045,-0.0038404338942307726
2,"Qlearntab_Language_{'alpha': 0.05, 'gamma': 0.95, 'epsilon': 0.2, 'epsilon_step': 0.01}",,2,7,-1.35,-2.35,0.05285954475402832,"['right', 'down', 'left', 'left', 'down', 'right', 'right', 'down']",-0.11917628046875006,-0.006620904470486115
3,"Qlearntab_Language_{'alpha': 0.05, 'gamma': 0.95, 'epsilon': 0.2, 'epsilon_step': 0.01}",,3,2,0.9,-1.4500000000000002,0.021942615509033203,"['right', 'up', 'right']",-0.07142215472656256,-0.003967897484809031
4,"Qlearntab_Language_{'alpha': 0.05, 'gamma': 0.95, 'epsilon': 0.2, 'epsilon_step': 0.01}",,4,1,0.95,-0.5000000000000002,0.01196742057800293,"['right', 'right']",-0.02379948527148444,-0.00132219362619358
5,"Qlearntab_Language_{'alpha': 0.05, 'gamma': 0.95, 'epsilon': 0.2, 'epsilon_step': 0.01}",,5,5,0.75,0.24999999999999978,0.05485248565673828,"['down', 'right', 'right', 'up', 'left', 'right']",0.014309588800297798,0.0007949771555720999
6,"Qlearntab_Language_{'alpha': 0.05, 'gamma': 0.95, 'epsilon': 0.2, 'epsilon_step': 0.01}",,6,1,0.95,1.1999999999999997,0.015958309173583984,"['left', 'right']",0.06125087005029779,0.003402826113905433
7,"Qlearntab_Language_{'alpha': 0.05, 'gamma': 0.95, 'epsilon': 0.2, 'epsilon_step': 0.01}",,7,2,0.9,2.0999999999999996,0.02094435691833496,"['left', 'left', 'right']",0.10538526489795406,0.005854736938775226
8,"Qlearntab_Language_{'alpha': 0.05, 'gamma': 0.95, 'epsilon': 0.2, 'epsilon_step': 0.01}",,8,1,-1.05,1.0499999999999996,0.012964725494384766,"['left', 'left']",0.05230000730179244,0.002905555961210691
9,"Qlearntab_Language_{'alpha': 0.05, 'gamma': 0.95, 'epsilon': 0.2, 'epsilon_step': 0.01}",,9,1,0.95,1.9999999999999996,0.016954898834228516,"['left', 'right']",0.10111394969703022,0.005617441649835012
10,"Qlearntab_Language_{'alpha': 0.05, 'gamma': 0.95, 'epsilon': 0.2, 'epsilon_step': 0.01}",,10,2,-1.1,0.8999999999999995,0.018949270248413086,"['right', 'up', 'right']",-1.4602053486433058,-0.04056125968453627
11,"Qlearntab_Language_{'alpha': 0.05, 'gamma': 0.95, 'epsilon': 0.2, 'epsilon_step': 0.01}",,11,1,0.95,1.8499999999999994,0.0169522762298584,"['right', 'right']",-1.4104911798102373,-0.03918031055028437
12,"Qlearntab_Language_{'alpha': 0.05, 'gamma': 0.95, 'epsilon': 0.2, 'epsilon_step': 0.01}",,12,31,-0.5500000000000007,1.2999999999999987,0.20046472549438477,"['right', 'up', 'right', 'down', 'left', 'left', 'right', 'left', 'left', 'down', 'down', 'down', 'down', 'left', 'left', 'down', 'up', 'up', 'left', 'down', 'up', 'up', 'left', 'right', 'right', 'down', 'left', 'right', 'down', 'down', 'right', 'right']",-1.4071911708084914,-0.0390886436335692
13,"Qlearntab_Language_{'alpha': 0.05, 'gamma': 0.95, 'epsilon': 0.2, 'epsilon_step': 0.01}",,13,1,0.95,2.2499999999999987,0.01296377182006836,"['right', 'right']",-1.3618057024759889,-0.03782793617988858
14,"Qlearntab_Language_{'alpha': 0.05, 'gamma': 0.95, 'epsilon': 0.2, 'epsilon_step': 0.01}",,14,0,-1.0,1.2499999999999987,0.0069806575775146484,['right'],-1.4136895075601115,-0.03926915298778087
15,"Qlearntab_Language_{'alpha': 0.05, 'gamma': 0.95, 'epsilon': 0.2, 'epsilon_step': 0.01}",,15,14,0.29999999999999993,1.5499999999999985,0.09075760841369629,"['right', 'left', 'up', 'down', 'down', 'down', 'right', 'down', 'down', 'down', 'right', 'right', 'left', 'right', 'right']",-1.383821697983745,-0.038439491610659585
16,"Qlearntab_Language_{'alpha': 0.05, 'gamma': 0.95, 'epsilon': 0.2, 'epsilon_step': 0.01}",,16,11,0.45000000000000007,1.9999999999999987,0.07978582382202148,"['right', 'right', 'right', 'left', 'right', 'right', 'down', 'up', 'down', 'up', 'left', 'right']",-1.3564878484085443,-0.03768021801134845
17,"Qlearntab_Language_{'alpha': 0.05, 'gamma': 0.95, 'epsilon': 0.2, 'epsilon_step': 0.01}",,17,5,-1.25,0.7499999999999987,0.03789877891540527,"['right', 'down', 'down', 'right', 'left', 'right']",-1.4040870394814984,-0.03900241776337496
18,"Qlearntab_Language_{'alpha': 0.05, 'gamma': 0.95, 'epsilon': 0.2, 'epsilon_step': 0.01}",,18,2,0.9,1.6499999999999986,0.01595759391784668,"['right', 'right', 'right']",-1.3606533251058246,-0.03779592569738402
19,"Qlearntab_Language_{'alpha': 0.05, 'gamma': 0.95, 'epsilon': 0.2, 'epsilon_step': 0.01}",,19,0,-1.0,0.6499999999999986,0.003989696502685547,['right'],-1.4120450960628461,-0.039223474890634616
20,"Qlearntab_Language_{'alpha': 0.05, 'gamma': 0.95, 'epsilon': 0.2, 'epsilon_step': 0.01}",,20,2,0.9,1.5499999999999985,0.0169525146484375,"['right', 'right', 'right']",-1.3680214053910076,-0.03800059459419466
21,"Qlearntab_Language_{'alpha': 0.05, 'gamma': 0.95, 'epsilon': 0.2, 'epsilon_step': 0.01}",,21,31,-2.5500000000000007,-1.0000000000000022,0.20345354080200195,"['right', 'right', 'up', 'left', 'left', 'up', 'down', 'left', 'left', 'right', 'left', 'left', 'right', 'down', 'right', 'down', 'right', 'left', 'up', 'down', 'right', 'down', 'right', 'up', 'left', 'up', 'left', 'left', 'right', 'right', 'right', 'up']",-1.4453675455320338,-0.04014909848700094
22,"Qlearntab_Language_{'alpha': 0.05, 'gamma': 0.95, 'epsilon': 0.2, 'epsilon_step': 0.01}",,22,2,-1.1,-2.1000000000000023,0.016955137252807617,"['right', 'down', 'right']",-1.4551163991409577,-0.040419899976137715
23,"Qlearntab_Language_{'alpha': 0.05, 'gamma': 0.95, 'epsilon': 0.2, 'epsilon_step': 0.01}",,23,0,-1.0,-3.1000000000000023,0.006979703903198242,['right'],-1.5050379051023222,-0.041806608475064504
24,"Qlearntab_Language_{'alpha': 0.05, 'gamma': 0.95, 'epsilon': 0.2, 'epsilon_step': 0.01}",,24,1,-1.05,-4.150000000000002,0.013962984085083008,"['right', 'right']",-1.553514504293756,-0.043153180674826555
25,"Qlearntab_Language_{'alpha': 0.05, 'gamma': 0.95, 'epsilon': 0.2, 'epsilon_step': 0.01}",,25,3,0.85,-3.300000000000002,0.030916690826416016,"['right', 'left', 'right', 'right']",-1.4650579866162956,-0.04069605518378599
26,"Qlearntab_Language_{'alpha': 0.05, 'gamma': 0.95, 'epsilon': 0.2, 'epsilon_step': 0.01}",,26,0,-1.0,-4.3000000000000025,0.00698089599609375,['left'],-1.5138147629065934,-0.042050410080738704
27,"Qlearntab_Language_{'alpha': 0.05, 'gamma': 0.95, 'epsilon': 0.2, 'epsilon_step': 0.01}",,27,2,0.9,-3.4000000000000026,0.019946575164794922,"['right', 'right', 'right']",-1.468267842827941,-0.04078521785633169
28,"Qlearntab_Language_{'alpha': 0.05, 'gamma': 0.95, 'epsilon': 0.2, 'epsilon_step': 0.01}",,28,1,-1.05,-4.450000000000003,0.011968612670898438,"['right', 'right']",-1.520099372484989,-0.04222498256902747
29,"Qlearntab_Language_{'alpha': 0.05, 'gamma': 0.95, 'epsilon': 0.2, 'epsilon_step': 0.01}",,29,2,-1.1,-5.5500000000000025,0.02094411849975586,"['right', 'down', 'right']",-1.525869215911798,-0.04238525599754994
30,"Qlearntab_Language_{'alpha': 0.05, 'gamma': 0.95, 'epsilon': 0.2, 'epsilon_step': 0.01}",,30,1,-1.05,-6.600000000000002,0.012966394424438477,"['right', 'right']",-1.5742679119459624,-0.04372966422072118
31,"Qlearntab_Language_{'alpha': 0.05, 'gamma': 0.95, 'epsilon': 0.2, 'epsilon_step': 0.01}",,31,1,0.95,-5.650000000000002,0.011968135833740234,"['right', 'right']",-1.5234093175703864,-0.04231692548806629
32,"Qlearntab_Language_{'alpha': 0.05, 'gamma': 0.95, 'epsilon': 0.2, 'epsilon_step': 0.01}",,32,29,-0.4500000000000006,-6.100000000000003,0.19647455215454102,"['right', 'left', 'right', 'right', 'down', 'up', 'left', 'up', 'down', 'left', 'right', 'left', 'up', 'left', 'left', 'right', 'left', 'right', 'up', 'up', 'down', 'left', 'left', 'right', 'up', 'right', 'right', 'right', 'right', 'right']",-1.4989361898100824,-0.0416371163836134
33,"Qlearntab_Language_{'alpha': 0.05, 'gamma': 0.95, 'epsilon': 0.2, 'epsilon_step': 0.01}",,33,2,0.9,-5.200000000000003,0.015958547592163086,"['left', 'right', 'right']",-1.4517159466092515,-0.0403254429613681
34,"Qlearntab_Language_{'alpha': 0.05, 'gamma': 0.95, 'epsilon': 0.2, 'epsilon_step': 0.01}",,34,1,-1.05,-6.250000000000003,0.012964725494384766,"['right', 'right']",-1.5028438288157435,-0.04174566191154843
35,"Qlearntab_Language_{'alpha': 0.05, 'gamma': 0.95, 'epsilon': 0.2, 'epsilon_step': 0.01}",,35,3,0.85,-5.400000000000003,0.02493119239807129,"['right', 'up', 'right', 'right']",-1.4573643569859973,-0.04048234324961104
36,"Qlearntab_Language_{'alpha': 0.05, 'gamma': 0.95, 'epsilon': 0.2, 'epsilon_step': 0.01}",,36,40,-3.000000000000001,-8.400000000000004,0.2433762550354004,"['up', 'up', 'right', 'right', 'down', 'right', 'left', 'down', 'left', 'right', 'left', 'right', 'right', 'right', 'up', 'down', 'up', 'right', 'down', 'up', 'right', 'left', 'right', 'left', 'right', 'up', 'up', 'down', 'down', 'left', 'down', 'up', 'down', 'down', 'right', 'right', 'up', 'right', 'right', 'right', 'right']",-1.534977159842359,-0.042638254440065526
37,"Qlearntab_Language_{'alpha': 0.05, 'gamma': 0.95, 'epsilon': 0.2, 'epsilon_step': 0.01}",,37,1,-1.05,-9.450000000000005,0.011965751647949219,"['right', 'right']",-1.5801944149367226,-0.04389428930379785
38,"Qlearntab_Language_{'alpha': 0.05, 'gamma': 0.95, 'epsilon': 0.2, 'epsilon_step': 0.01}",,38,2,-1.1,-10.550000000000004,0.022938251495361328,"['right', 'right', 'left']",-1.6195107080480426,-0.044986408556890074
39,"Qlearntab_Language_{'alpha': 0.05, 'gamma': 0.95, 'epsilon': 0.2, 'epsilon_step': 0.01}",,39,1,-1.05,-11.600000000000005,0.014960527420043945,"['right', 'right']",-1.6603286838499514,-0.046120241218054206
40,"Qlearntab_Language_{'alpha': 0.05, 'gamma': 0.95, 'epsilon': 0.2, 'epsilon_step': 0.01}",,40,0,-1.0,-12.600000000000005,0.008975982666015625,['right'],-1.7008921471639624,-0.047247004087887845
41,"Qlearntab_Language_{'alpha': 0.05, 'gamma': 0.95, 'epsilon': 0.2, 'epsilon_step': 0.01}",,41,0,-1.0,-13.600000000000005,0.006981372833251953,['right'],-1.739427437312273,-0.048317428814229804
42,"Qlearntab_Language_{'alpha': 0.05, 'gamma': 0.95, 'epsilon': 0.2, 'epsilon_step': 0.01}",,42,1,0.95,-12.650000000000006,0.014957904815673828,"['right', 'right']",-1.6809207884557003,-0.046692244123769454
43,"Qlearntab_Language_{'alpha': 0.05, 'gamma': 0.95, 'epsilon': 0.2, 'epsilon_step': 0.01}",,43,0,-1.0,-13.650000000000006,0.006979465484619141,['right'],-1.7203394720419563,-0.04778720755672101
44,"Qlearntab_Language_{'alpha': 0.05, 'gamma': 0.95, 'epsilon': 0.2, 'epsilon_step': 0.01}",,44,1,0.95,-12.700000000000006,0.013962030410766602,"['right', 'right']",-1.6626778056763054,-0.0461854946021196
45,"Qlearntab_Language_{'alpha': 0.05, 'gamma': 0.95, 'epsilon': 0.2, 'epsilon_step': 0.01}",,45,4,0.8,-11.900000000000006,0.030915021896362305,"['right', 'up', 'right', 'left', 'right']",-1.6076669095253804,-0.04465741415348279
46,"Qlearntab_Language_{'alpha': 0.05, 'gamma': 0.95, 'epsilon': 0.2, 'epsilon_step': 0.01}",,46,1,0.95,-10.950000000000006,0.013962507247924805,"['right', 'right']",-1.553120288165168,-0.04314223022681022
47,"Qlearntab_Language_{'alpha': 0.05, 'gamma': 0.95, 'epsilon': 0.2, 'epsilon_step': 0.01}",,47,6,0.7,-10.250000000000007,0.04986572265625,"['right', 'down', 'right', 'down', 'right', 'right', 'right']",-1.4946220072930938,-0.04151727798036372
48,"Qlearntab_Language_{'alpha': 0.05, 'gamma': 0.95, 'epsilon': 0.2, 'epsilon_step': 0.01}",,48,10,-1.5,-11.750000000000007,0.08577132225036621,"['right', 'up', 'down', 'down', 'up', 'right', 'left', 'up', 'up', 'right', 'right']",-1.553715491936356,-0.04315876366489878
49,"Qlearntab_Language_{'alpha': 0.05, 'gamma': 0.95, 'epsilon': 0.2, 'epsilon_step': 0.01}",,49,0,-1.0,-12.750000000000007,0.010076045989990234,['right'],-1.5969605411789962,-0.044360015032749896
50,"Qlearntab_Language_{'alpha': 0.05, 'gamma': 0.95, 'epsilon': 0.2, 'epsilon_step': 0.01}",,50,1,0.95,-11.800000000000008,0.019945621490478516,"['right', 'right']",-1.542954218128878,-0.04285983939246883
51,"Qlearntab_Language_{'alpha': 0.05, 'gamma': 0.95, 'epsilon': 0.2, 'epsilon_step': 0.01}",,51,2,-1.1,-12.900000000000007,0.029919147491455078,"['right', 'right', 'right']",-1.5820830969353576,-0.043946752692648826
52,"Qlearntab_Language_{'alpha': 0.05, 'gamma': 0.95, 'epsilon': 0.2, 'epsilon_step': 0.01}",,52,0,-1.0,-13.900000000000007,0.019947052001953125,['right'],-1.6238206460974214,-0.0451061290582617
53,"Qlearntab_Language_{'alpha': 0.05, 'gamma': 0.95, 'epsilon': 0.2, 'epsilon_step': 0.01}",,53,3,-1.15,-15.050000000000008,0.03390932083129883,"['right', 'right', 'up', 'right']",-1.6534650252541236,-0.04592958403483677
54,"Qlearntab_Language_{'alpha': 0.05, 'gamma': 0.95, 'epsilon': 0.2, 'epsilon_step': 0.01}",,54,7,0.65,-14.400000000000007,0.0948331356048584,"['right', 'down', 'right', 'down', 'up', 'down', 'right', 'right']",-1.5800711641047267,-0.04389086566957574
55,"Qlearntab_Language_{'alpha': 0.05, 'gamma': 0.95, 'epsilon': 0.2, 'epsilon_step': 0.01}",,55,1,0.95,-13.450000000000008,0.016953468322753906,"['right', 'right']",-1.5260607659227758,-0.042390576831188215
56,"Qlearntab_Language_{'alpha': 0.05, 'gamma': 0.95, 'epsilon': 0.2, 'epsilon_step': 0.01}",,56,1,0.95,-12.500000000000009,0.009972333908081055,"['right', 'right']",-1.4746744785351393,-0.040963179959309426
57,"Qlearntab_Language_{'alpha': 0.05, 'gamma': 0.95, 'epsilon': 0.2, 'epsilon_step': 0.01}",,57,0,-1.0,-13.500000000000009,0.007977724075317383,['right'],-1.5208575055168845,-0.042246041819913455
58,"Qlearntab_Language_{'alpha': 0.05, 'gamma': 0.95, 'epsilon': 0.2, 'epsilon_step': 0.01}",,58,10,0.5,-13.000000000000009,0.08377623558044434,"['right', 'down', 'right', 'left', 'right', 'right', 'down', 'left', 'up', 'right', 'right']",-1.4665550388825865,-0.04073763996896074
59,"Qlearntab_Language_{'alpha': 0.05, 'gamma': 0.95, 'epsilon': 0.2, 'epsilon_step': 0.01}",,59,7,-1.35,-14.350000000000009,0.05584979057312012,"['right', 'right', 'up', 'right', 'down', 'left', 'left', 'up']",-1.503751987626074,-0.04177088854516872
60,"Qlearntab_Language_{'alpha': 0.05, 'gamma': 0.95, 'epsilon': 0.2, 'epsilon_step': 0.01}",,60,20,-2.220446049250313e-16,-14.350000000000009,0.1266613006591797,"['right', 'up', 'right', 'right', 'up', 'down', 'down', 'left', 'right', 'right', 'up', 'down', 'right', 'left', 'left', 'left', 'left', 'up', 'right', 'right', 'right']",-1.459577720886633,-0.040543825580184246
61,"Qlearntab_Language_{'alpha': 0.05, 'gamma': 0.95, 'epsilon': 0.2, 'epsilon_step': 0.01}",,61,0,-1.0,-15.350000000000009,0.0049877166748046875,['right'],-1.5053520466359933,-0.041815334628777595
62,"Qlearntab_Language_{'alpha': 0.05, 'gamma': 0.95, 'epsilon': 0.2, 'epsilon_step': 0.01}",,62,0,-1.0,-16.35000000000001,0.007977962493896484,['right'],-1.5488376560978856,-0.04302326822494126
63,"Qlearntab_Language_{'alpha': 0.05, 'gamma': 0.95, 'epsilon': 0.2, 'epsilon_step': 0.01}",,63,4,-1.2,-17.550000000000008,0.03690147399902344,"['right', 'right', 'down', 'down', 'up']",-1.5826664542644366,-0.043962957062901015
64,"Qlearntab_Language_{'alpha': 0.05, 'gamma': 0.95, 'epsilon': 0.2, 'epsilon_step': 0.01}",,64,8,0.6000000000000001,-16.950000000000006,0.060835838317871094,"['right', 'left', 'up', 'down', 'up', 'down', 'down', 'right', 'right']",-1.5350263134865996,-0.04263961981907221
65,"Qlearntab_Language_{'alpha': 0.05, 'gamma': 0.95, 'epsilon': 0.2, 'epsilon_step': 0.01}",,65,3,-1.15,-18.100000000000005,0.02293992042541504,"['up', 'down', 'up', 'right']",-1.5765278827554798,-0.043792441187652215
66,"Qlearntab_Language_{'alpha': 0.05, 'gamma': 0.95, 'epsilon': 0.2, 'epsilon_step': 0.01}",,66,0,-1.0,-19.100000000000005,0.0069806575775146484,['right'],-1.618333914432481,-0.0449537198453467
67,"Qlearntab_Language_{'alpha': 0.05, 'gamma': 0.95, 'epsilon': 0.2, 'epsilon_step': 0.01}",,67,2,-1.1,-20.200000000000006,0.02293705940246582,"['right', 'up', 'right']",-1.6538881833500554,-0.04594133842639043
68,"Qlearntab_Language_{'alpha': 0.05, 'gamma': 0.95, 'epsilon': 0.2, 'epsilon_step': 0.01}",,68,1,-1.05,-21.250000000000007,0.011967182159423828,"['right', 'right']",-1.6837833921630871,-0.046771760893419084
69,"Qlearntab_Language_{'alpha': 0.05, 'gamma': 0.95, 'epsilon': 0.2, 'epsilon_step': 0.01}",,69,6,-1.3,-22.550000000000008,0.08676791191101074,"['right', 'right', 'right', 'right', 'up', 'right', 'down']",-1.6960280368274971,-0.04711188991187492
70,"Qlearntab_Language_{'alpha': 0.05, 'gamma': 0.95, 'epsilon': 0.2, 'epsilon_step': 0.01}",,70,1,0.95,-21.60000000000001,0.013962984085083008,"['right', 'right']",-1.6378123866054257,-0.04549478851681738
71,"Qlearntab_Language_{'alpha': 0.05, 'gamma': 0.95, 'epsilon': 0.2, 'epsilon_step': 0.01}",,71,7,-1.35,-22.95000000000001,0.05086398124694824,"['right', 'down', 'up', 'left', 'right', 'left', 'down', 'up']",-1.663776937865967,-0.04621602605183242
72,"Qlearntab_Language_{'alpha': 0.05, 'gamma': 0.95, 'epsilon': 0.2, 'epsilon_step': 0.01}",,72,0,-1.0,-23.95000000000001,0.006980419158935547,['right'],-1.7035717425704053,-0.04732143729362237
73,"Qlearntab_Language_{'alpha': 0.05, 'gamma': 0.95, 'epsilon': 0.2, 'epsilon_step': 0.01}",,73,47,-3.3499999999999996,-27.30000000000001,0.29421377182006836,"['right', 'right', 'right', 'down', 'right', 'left', 'up', 'down', 'right', 'up', 'left', 'right', 'up', 'right', 'up', 'right', 'right', 'left', 'left', 'left', 'left', 'down', 'right', 'down', 'down', 'right', 'up', 'down', 'down', 'down', 'right', 'left', 'left', 'right', 'right', 'right', 'left', 'left', 'left', 'up', 'right', 'down', 'right', 'up', 'right', 'down', 'left', 'up']",-1.7351128398112143,-0.04819757888364484
74,"Qlearntab_Language_{'alpha': 0.05, 'gamma': 0.95, 'epsilon': 0.2, 'epsilon_step': 0.01}",,74,0,-1.0,-28.30000000000001,0.006981611251831055,['right'],-1.7741958288350763,-0.049283217467641006
75,"Qlearntab_Language_{'alpha': 0.05, 'gamma': 0.95, 'epsilon': 0.2, 'epsilon_step': 0.01}",,75,3,0.85,-27.45000000000001,0.02792668342590332,"['right', 'right', 'up', 'right']",-1.6650156179586229,-0.04625043383218397
76,"Qlearntab_Language_{'alpha': 0.05, 'gamma': 0.95, 'epsilon': 0.2, 'epsilon_step': 0.01}",,76,0,-1.0,-28.45000000000001,0.006980180740356445,['right'],-1.7054107468373885,-0.04737252074548301
77,"Qlearntab_Language_{'alpha': 0.05, 'gamma': 0.95, 'epsilon': 0.2, 'epsilon_step': 0.01}",,77,0,-1.0,-29.45000000000001,0.007030963897705078,['right'],-1.7437861192722157,-0.0484385033131171
78,"Qlearntab_Language_{'alpha': 0.05, 'gamma': 0.95, 'epsilon': 0.2, 'epsilon_step': 0.01}",,78,0,-1.0,-30.45000000000001,0.0069811344146728516,['right'],-1.7802427230853017,-0.049451186752369494
79,"Qlearntab_Language_{'alpha': 0.05, 'gamma': 0.95, 'epsilon': 0.2, 'epsilon_step': 0.01}",,79,0,-1.0,-31.45000000000001,0.007977724075317383,['right'],-1.8148764967077333,-0.05041323601965926
80,"Qlearntab_Language_{'alpha': 0.05, 'gamma': 0.95, 'epsilon': 0.2, 'epsilon_step': 0.01}",,80,4,0.8,-30.65000000000001,0.03191542625427246,"['right', 'right', 'up', 'right', 'right']",-1.7301575721923736,-0.04805993256089927
81,"Qlearntab_Language_{'alpha': 0.05, 'gamma': 0.95, 'epsilon': 0.2, 'epsilon_step': 0.01}",,81,1,0.95,-29.70000000000001,0.013962268829345703,"['right', 'right']",-1.6720833909417299,-0.046446760859492495
82,"Qlearntab_Language_{'alpha': 0.05, 'gamma': 0.95, 'epsilon': 0.2, 'epsilon_step': 0.01}",,82,6,0.7,-29.00000000000001,0.0468752384185791,"['right', 'left', 'up', 'left', 'down', 'right', 'right']",-1.6154952694631215,-0.04487486859619782
83,"Qlearntab_Language_{'alpha': 0.05, 'gamma': 0.95, 'epsilon': 0.2, 'epsilon_step': 0.01}",,83,0,-1.0,-30.00000000000001,0.006980419158935547,['right'],-1.6581381145920466,-0.0460593920720013
84,"Qlearntab_Language_{'alpha': 0.05, 'gamma': 0.95, 'epsilon': 0.2, 'epsilon_step': 0.01}",,84,1,0.95,-29.05000000000001,0.012965202331542969,"['right', 'right']",-1.6036006606650357,-0.04454446279625099
85,"Qlearntab_Language_{'alpha': 0.05, 'gamma': 0.95, 'epsilon': 0.2, 'epsilon_step': 0.01}",,85,2,-1.1,-30.150000000000013,0.02393507957458496,"['right', 'right', 'right']",-1.6454912810338354,-0.04570809113982876
86,"Qlearntab_Language_{'alpha': 0.05, 'gamma': 0.95, 'epsilon': 0.2, 'epsilon_step': 0.01}",,86,3,0.85,-29.30000000000001,0.02892160415649414,"['down', 'left', 'right', 'right']",-1.5520546204478842,-0.04311262834577456
87,"Qlearntab_Language_{'alpha': 0.05, 'gamma': 0.95, 'epsilon': 0.2, 'epsilon_step': 0.01}",,87,0,-1.0,-30.30000000000001,0.006979227066040039,['right'],-1.5951844136242157,-0.04431067815622822
88,"Qlearntab_Language_{'alpha': 0.05, 'gamma': 0.95, 'epsilon': 0.2, 'epsilon_step': 0.01}",,88,1,0.95,-29.350000000000012,0.013962030410766602,"['right', 'right']",-1.5411142556301909,-0.04280872932306086
89,"Qlearntab_Language_{'alpha': 0.05, 'gamma': 0.95, 'epsilon': 0.2, 'epsilon_step': 0.01}",,89,1,0.95,-28.400000000000013,0.016956567764282227,"['right', 'right']",-1.489706317099905,-0.04138073103055292
90,"Qlearntab_Language_{'alpha': 0.05, 'gamma': 0.95, 'epsilon': 0.2, 'epsilon_step': 0.01}",,90,5,-1.25,-29.650000000000013,0.047870635986328125,"['right', 'right', 'right', 'down', 'right', 'right']",-1.533062578949041,-0.04258507163747336
91,"Qlearntab_Language_{'alpha': 0.05, 'gamma': 0.95, 'epsilon': 0.2, 'epsilon_step': 0.01}",,91,15,0.2499999999999999,-29.400000000000013,0.10172748565673828,"['up', 'left', 'left', 'down', 'down', 'right', 'down', 'down', 'up', 'left', 'up', 'right', 'up', 'right', 'right', 'right']",-1.5112003691391056,-0.04197778803164182
92,"Qlearntab_Language_{'alpha': 0.05, 'gamma': 0.95, 'epsilon': 0.2, 'epsilon_step': 0.01}",,92,0,-1.0,-30.400000000000013,0.005984783172607422,['right'],-1.5548564743309932,-0.043190457620305364
93,"Qlearntab_Language_{'alpha': 0.05, 'gamma': 0.95, 'epsilon': 0.2, 'epsilon_step': 0.01}",,93,1,0.95,-29.450000000000014,0.014958858489990234,"['right', 'right']",-1.5012925114498301,-0.041702569762495284
94,"Qlearntab_Language_{'alpha': 0.05, 'gamma': 0.95, 'epsilon': 0.2, 'epsilon_step': 0.01}",,94,0,-1.0,-30.450000000000014,0.00797891616821289,['right'],-1.5454067467127253,-0.04292796518646459
95,"Qlearntab_Language_{'alpha': 0.05, 'gamma': 0.95, 'epsilon': 0.2, 'epsilon_step': 0.01}",,95,1,0.95,-29.500000000000014,0.015955448150634766,"['right', 'right']",-1.4922798705396922,-0.041452218626102565
96,"Qlearntab_Language_{'alpha': 0.05, 'gamma': 0.95, 'epsilon': 0.2, 'epsilon_step': 0.01}",,96,40,-1.0000000000000009,-30.500000000000014,0.25830936431884766,"['right', 'up', 'right', 'up', 'right', 'left', 'left', 'down', 'left', 'up', 'left', 'left', 'up', 'left', 'down', 'down', 'down', 'down', 'right', 'left', 'right', 'down', 'right', 'left', 'left', 'right', 'up', 'down', 'left', 'down', 'up', 'up', 'up', 'up', 'down', 'up', 'right', 'up', 'right', 'right', 'right']",-1.4899358979914095,-0.04138710827753915
97,"Qlearntab_Language_{'alpha': 0.05, 'gamma': 0.95, 'epsilon': 0.2, 'epsilon_step': 0.01}",,97,0,-1.0,-31.500000000000014,0.004986286163330078,['right'],-1.5341175968166638,-0.04261437768935177
98,"Qlearntab_Language_{'alpha': 0.05, 'gamma': 0.95, 'epsilon': 0.2, 'epsilon_step': 0.01}",,98,3,0.85,-30.650000000000013,0.028922080993652344,"['right', 'right', 'right', 'right']",-1.4738609784368268,-0.0409405827343563
99,"Qlearntab_Language_{'alpha': 0.05, 'gamma': 0.95, 'epsilon': 0.2, 'epsilon_step': 0.01}",,99,1,-1.05,-31.700000000000014,0.013961553573608398,"['right', 'right']",-1.517955398711589,-0.04216542774198859
100,"Qlearntab_Language_{'alpha': 0.05, 'gamma': 0.95, 'epsilon': 0.2, 'epsilon_step': 0.01}",,100,1,0.95,-30.750000000000014,0.015958070755004883,"['left', 'right']",0.14923303821274045,0.008290724345152246
101,"Qlearntab_Language_{'alpha': 0.05, 'gamma': 0.95, 'epsilon': 0.2, 'epsilon_step': 0.01}",,101,1,0.95,-29.800000000000015,0.01894998550415039,"['left', 'right']",0.19660472338088783,0.010922484632271546
102,"Qlearntab_Language_{'alpha': 0.05, 'gamma': 0.95, 'epsilon': 0.2, 'epsilon_step': 0.01}",,102,10,-1.5,-31.300000000000015,0.09574270248413086,"['up', 'down', 'left', 'down', 'left', 'up', 'right', 'left', 'down', 'up', 'down']",0.14153772050013916,0.0070768860250069576
103,"Qlearntab_Language_{'alpha': 0.05, 'gamma': 0.95, 'epsilon': 0.2, 'epsilon_step': 0.01}",,103,1,0.95,-30.350000000000016,0.012965917587280273,"['left', 'right']",0.1882472273887037,0.009412361369435185
104,"Qlearntab_Language_{'alpha': 0.05, 'gamma': 0.95, 'epsilon': 0.2, 'epsilon_step': 0.01}",,104,1,0.95,-29.400000000000016,0.012965679168701172,"['left', 'right']",0.23411810128093596,0.011705905064046798
105,"Qlearntab_Language_{'alpha': 0.05, 'gamma': 0.95, 'epsilon': 0.2, 'epsilon_step': 0.01}",,105,7,-1.35,-30.750000000000018,0.04587674140930176,"['left', 'right', 'left', 'right', 'right', 'up', 'right', 'up']",0.16619450960355664,0.007914024266836031
106,"Qlearntab_Language_{'alpha': 0.05, 'gamma': 0.95, 'epsilon': 0.2, 'epsilon_step': 0.01}",,106,1,0.95,-29.80000000000002,0.00897526741027832,"['left', 'right']",0.21140183367823742,0.010066753984677972
107,"Qlearntab_Language_{'alpha': 0.05, 'gamma': 0.95, 'epsilon': 0.2, 'epsilon_step': 0.01}",,107,2,0.9,-28.90000000000002,0.01994633674621582,"['down', 'left', 'right']",0.258300419097582,0.012300019957027715
108,"Qlearntab_Language_{'alpha': 0.05, 'gamma': 0.95, 'epsilon': 0.2, 'epsilon_step': 0.01}",,108,1,0.95,-27.95000000000002,0.014959573745727539,"['left', 'right']",0.30166673949137895,0.014365082832922807
109,"Qlearntab_Language_{'alpha': 0.05, 'gamma': 0.95, 'epsilon': 0.2, 'epsilon_step': 0.01}",,109,21,-0.050000000000000266,-28.00000000000002,0.1326448917388916,"['left', 'up', 'right', 'left', 'left', 'down', 'left', 'up', 'up', 'up', 'right', 'up', 'up', 'right', 'right', 'left', 'right', 'down', 'left', 'up', 'right', 'right']",0.2943957588619186,0.010151577891790296
110,"Qlearntab_Language_{'alpha': 0.05, 'gamma': 0.95, 'epsilon': 0.2, 'epsilon_step': 0.01}",,110,0,-1.0,-29.00000000000002,0.00598454475402832,['down'],2.640019244508601,0.0733338679030167
111,"Qlearntab_Language_{'alpha': 0.05, 'gamma': 0.95, 'epsilon': 0.2, 'epsilon_step': 0.01}",,111,3,0.85,-28.15000000000002,0.02503681182861328,"['right', 'down', 'up', 'right']",2.7215337065641974,0.07559815851567214
112,"Qlearntab_Language_{'alpha': 0.05, 'gamma': 0.95, 'epsilon': 0.2, 'epsilon_step': 0.01}",,112,3,-1.15,-29.30000000000002,0.023935317993164062,"['right', 'right', 'right', 'up']",2.678764749301258,0.07441013192503494
113,"Qlearntab_Language_{'alpha': 0.05, 'gamma': 0.95, 'epsilon': 0.2, 'epsilon_step': 0.01}",,113,0,-1.0,-30.30000000000002,0.00498652458190918,['right'],2.6232233070946283,0.07286731408596189
114,"Qlearntab_Language_{'alpha': 0.05, 'gamma': 0.95, 'epsilon': 0.2, 'epsilon_step': 0.01}",,114,2,0.9,-29.40000000000002,0.017950773239135742,"['right', 'up', 'right']",2.693086625109321,0.07480796180859224
115,"Qlearntab_Language_{'alpha': 0.05, 'gamma': 0.95, 'epsilon': 0.2, 'epsilon_step': 0.01}",,115,13,0.35,-29.05000000000002,0.07579612731933594,"['right', 'left', 'down', 'up', 'right', 'right', 'up', 'up', 'up', 'right', 'left', 'right', 'right', 'right']",2.7744941089098494,0.07706928080305137
116,"Qlearntab_Language_{'alpha': 0.05, 'gamma': 0.95, 'epsilon': 0.2, 'epsilon_step': 0.01}",,116,0,-1.0,-30.05000000000002,0.005984783172607422,['down'],2.7319721794880945,0.07588811609689151
117,"Qlearntab_Language_{'alpha': 0.05, 'gamma': 0.95, 'epsilon': 0.2, 'epsilon_step': 0.01}",,117,7,-1.35,-31.40000000000002,0.04986572265625,"['right', 'up', 'up', 'right', 'down', 'left', 'up', 'up']",2.706594766997037,0.07518318797213991
118,"Qlearntab_Language_{'alpha': 0.05, 'gamma': 0.95, 'epsilon': 0.2, 'epsilon_step': 0.01}",,118,1,0.95,-30.45000000000002,0.011968374252319336,"['right', 'right']",2.7474963657444316,0.07631934349290087
119,"Qlearntab_Language_{'alpha': 0.05, 'gamma': 0.95, 'epsilon': 0.2, 'epsilon_step': 0.01}",,119,18,-1.9000000000000004,-32.35000000000002,0.10671448707580566,"['right', 'right', 'up', 'right', 'down', 'left', 'left', 'left', 'up', 'up', 'up', 'up', 'up', 'up', 'right', 'down', 'right', 'down', 'right']",2.724229829038696,0.07567305080663045
120,"Qlearntab_Language_{'alpha': 0.05, 'gamma': 0.95, 'epsilon': 0.2, 'epsilon_step': 0.01}",,120,3,-1.15,-33.50000000000002,0.021941423416137695,"['right', 'right', 'up', 'right']",2.663902499540501,0.07399729165390281
121,"Qlearntab_Language_{'alpha': 0.05, 'gamma': 0.95, 'epsilon': 0.2, 'epsilon_step': 0.01}",,121,1,0.95,-32.55000000000002,0.015956878662109375,"['right', 'right']",2.7091996974856096,0.07525554715237805
122,"Qlearntab_Language_{'alpha': 0.05, 'gamma': 0.95, 'epsilon': 0.2, 'epsilon_step': 0.01}",,122,1,0.95,-31.60000000000002,0.014959573745727539,"['right', 'right']",2.752232256149038,0.07645089600413996
123,"Qlearntab_Language_{'alpha': 0.05, 'gamma': 0.95, 'epsilon': 0.2, 'epsilon_step': 0.01}",,123,1,0.95,-30.65000000000002,0.012964487075805664,"['right', 'right']",2.7931133964640926,0.07758648323511369
124,"Qlearntab_Language_{'alpha': 0.05, 'gamma': 0.95, 'epsilon': 0.2, 'epsilon_step': 0.01}",,124,1,0.95,-29.70000000000002,0.013962745666503906,"['right', 'right']",2.8319506788689512,0.07866529663524864
125,"Qlearntab_Language_{'alpha': 0.05, 'gamma': 0.95, 'epsilon': 0.2, 'epsilon_step': 0.01}",,125,3,0.85,-28.85000000000002,0.03291130065917969,"['right', 'right', 'right', 'right']",2.863333250959964,0.07953703474888789
126,"Qlearntab_Language_{'alpha': 0.05, 'gamma': 0.95, 'epsilon': 0.2, 'epsilon_step': 0.01}",,126,20,-2.220446049250313e-16,-28.85000000000002,0.1296520233154297,"['right', 'down', 'down', 'down', 'right', 'up', 'right', 'up', 'right', 'up', 'left', 'up', 'down', 'down', 'down', 'right', 'up', 'up', 'right', 'right', 'right']",2.909411214347346,0.08081697817631517
127,"Qlearntab_Language_{'alpha': 0.05, 'gamma': 0.95, 'epsilon': 0.2, 'epsilon_step': 0.01}",,127,1,0.95,-27.90000000000002,0.010969877243041992,"['right', 'right']",2.9455586165443544,0.08182107268178762
128,"Qlearntab_Language_{'alpha': 0.05, 'gamma': 0.95, 'epsilon': 0.2, 'epsilon_step': 0.01}",,128,1,0.95,-26.95000000000002,0.009973287582397461,"['left', 'right']",2.996555788115081,0.08323766078097447
129,"Qlearntab_Language_{'alpha': 0.05, 'gamma': 0.95, 'epsilon': 0.2, 'epsilon_step': 0.01}",,129,3,0.85,-26.10000000000002,0.029920101165771484,"['right', 'right', 'up', 'right']",3.0542628912661263,0.0848406358685035
130,"Qlearntab_Language_{'alpha': 0.05, 'gamma': 0.95, 'epsilon': 0.2, 'epsilon_step': 0.01}",,130,4,-1.2,-27.30000000000002,0.03390836715698242,"['right', 'right', 'left', 'right', 'down']",3.011688548901559,0.08365801524726552
131,"Qlearntab_Language_{'alpha': 0.05, 'gamma': 0.95, 'epsilon': 0.2, 'epsilon_step': 0.01}",,131,24,-2.2,-29.500000000000018,0.14959979057312012,"['right', 'right', 'left', 'right', 'up', 'down', 'up', 'left', 'down', 'left', 'up', 'right', 'up', 'up', 'down', 'up', 'up', 'left', 'down', 'down', 'left', 'left', 'down', 'up', 'down']",2.975300347496877,0.08264723187491324
132,"Qlearntab_Language_{'alpha': 0.05, 'gamma': 0.95, 'epsilon': 0.2, 'epsilon_step': 0.01}",,132,3,0.85,-28.650000000000016,0.025930404663085938,"['right', 'left', 'right', 'right']",3.0176995003271503,0.08382498612019862
133,"Qlearntab_Language_{'alpha': 0.05, 'gamma': 0.95, 'epsilon': 0.2, 'epsilon_step': 0.01}",,133,0,-1.0,-29.650000000000016,0.007976770401000977,['right'],2.9555626409352813,0.08209896224820226
134,"Qlearntab_Language_{'alpha': 0.05, 'gamma': 0.95, 'epsilon': 0.2, 'epsilon_step': 0.01}",,134,2,-1.1,-30.750000000000018,0.017951011657714844,"['right', 'up', 'right']",2.8912960453314063,0.0803137790369835
135,"Qlearntab_Language_{'alpha': 0.05, 'gamma': 0.95, 'epsilon': 0.2, 'epsilon_step': 0.01}",,135,19,0.04999999999999971,-30.700000000000017,0.12666106224060059,"['right', 'down', 'right', 'right', 'right', 'right', 'right', 'down', 'down', 'up', 'down', 'up', 'up', 'down', 'right', 'right', 'down', 'right', 'right', 'right']",2.971950730825337,0.08255418696737046
136,"Qlearntab_Language_{'alpha': 0.05, 'gamma': 0.95, 'epsilon': 0.2, 'epsilon_step': 0.01}",,136,2,0.9,-29.80000000000002,0.02393484115600586,"['right', 'right', 'right']",3.00674957578107,0.08352082154947417
137,"Qlearntab_Language_{'alpha': 0.05, 'gamma': 0.95, 'epsilon': 0.2, 'epsilon_step': 0.01}",,137,6,0.7,-29.10000000000002,0.04388236999511719,"['right', 'right', 'right', 'down', 'right', 'right', 'right']",3.0311511899724053,0.08419864416590014
138,"Qlearntab_Language_{'alpha': 0.05, 'gamma': 0.95, 'epsilon': 0.2, 'epsilon_step': 0.01}",,138,2,-1.1,-30.20000000000002,0.019947528839111328,"['right', 'right', 'down']",2.9814897432436536,0.08281915953454594
139,"Qlearntab_Language_{'alpha': 0.05, 'gamma': 0.95, 'epsilon': 0.2, 'epsilon_step': 0.01}",,139,24,-0.2000000000000004,-30.40000000000002,0.15259170532226562,"['right', 'right', 'left', 'down', 'down', 'right', 'down', 'up', 'up', 'right', 'down', 'down', 'up', 'right', 'right', 'right', 'left', 'up', 'up', 'up', 'up', 'up', 'right', 'right', 'right']",2.9968823785604854,0.08324673273779126
140,"Qlearntab_Language_{'alpha': 0.05, 'gamma': 0.95, 'epsilon': 0.2, 'epsilon_step': 0.01}",,140,15,0.2499999999999999,-30.15000000000002,0.10073113441467285,"['right', 'left', 'up', 'left', 'down', 'left', 'down', 'left', 'up', 'up', 'up', 'up', 'up', 'right', 'right', 'right']",3.0163047980203235,0.08378624438945342
141,"Qlearntab_Language_{'alpha': 0.05, 'gamma': 0.95, 'epsilon': 0.2, 'epsilon_step': 0.01}",,141,17,0.1499999999999998,-30.00000000000002,0.1047213077545166,"['up', 'left', 'up', 'up', 'left', 'right', 'down', 'right', 'right', 'left', 'down', 'up', 'up', 'right', 'left', 'right', 'right', 'right']",3.0936538306662915,0.08593482862961921
142,"Qlearntab_Language_{'alpha': 0.05, 'gamma': 0.95, 'epsilon': 0.2, 'epsilon_step': 0.01}",,142,0,-1.0,-31.00000000000002,0.0050144195556640625,['right'],3.0374143458745304,0.08437262071873695
143,"Qlearntab_Language_{'alpha': 0.05, 'gamma': 0.95, 'epsilon': 0.2, 'epsilon_step': 0.01}",,143,24,-0.2000000000000004,-31.20000000000002,0.157578706741333,"['right', 'left', 'down', 'down', 'down', 'left', 'right', 'right', 'down', 'right', 'left', 'down', 'up', 'up', 'right', 'right', 'right', 'down', 'left', 'down', 'up', 'right', 'left', 'right', 'right']",3.1222529235078254,0.08672924787521737
144,"Qlearntab_Language_{'alpha': 0.05, 'gamma': 0.95, 'epsilon': 0.2, 'epsilon_step': 0.01}",,144,0,-1.0,-32.20000000000002,0.0049877166748046875,['right'],3.067477616318553,0.08520771156440425
145,"Qlearntab_Language_{'alpha': 0.05, 'gamma': 0.95, 'epsilon': 0.2, 'epsilon_step': 0.01}",,145,3,-1.15,-33.350000000000016,0.024933338165283203,"['right', 'up', 'right', 'left']",3.020703566401767,0.08390843240004908
146,"Qlearntab_Language_{'alpha': 0.05, 'gamma': 0.95, 'epsilon': 0.2, 'epsilon_step': 0.01}",,146,9,0.55,-32.80000000000002,0.0688164234161377,"['right', 'right', 'left', 'up', 'up', 'right', 'up', 'right', 'right', 'right']",3.0633553060775025,0.0850932029465973
147,"Qlearntab_Language_{'alpha': 0.05, 'gamma': 0.95, 'epsilon': 0.2, 'epsilon_step': 0.01}",,147,8,0.6000000000000001,-32.20000000000002,0.06183457374572754,"['left', 'right', 'left', 'up', 'up', 'up', 'right', 'right', 'right']",3.093073616773706,0.08591871157704739
148,"Qlearntab_Language_{'alpha': 0.05, 'gamma': 0.95, 'epsilon': 0.2, 'epsilon_step': 0.01}",,148,1,-1.05,-33.250000000000014,0.01296544075012207,"['right', 'right']",3.0396469941777498,0.08443463872715971
149,"Qlearntab_Language_{'alpha': 0.05, 'gamma': 0.95, 'epsilon': 0.2, 'epsilon_step': 0.01}",,149,0,-1.0,-34.250000000000014,0.0069806575775146484,['right'],2.9913143896550833,0.08309206637930787
150,"Qlearntab_Language_{'alpha': 0.05, 'gamma': 0.95, 'epsilon': 0.2, 'epsilon_step': 0.01}",,150,6,-1.3,-35.55000000000001,0.046874046325683594,"['right', 'up', 'right', 'left', 'left', 'up', 'up']",2.9440657309590232,0.08177960363775065
151,"Qlearntab_Language_{'alpha': 0.05, 'gamma': 0.95, 'epsilon': 0.2, 'epsilon_step': 0.01}",,151,1,0.95,-34.60000000000001,0.012964963912963867,"['right', 'right']",2.9931899835109643,0.0831441662086379
152,"Qlearntab_Language_{'alpha': 0.05, 'gamma': 0.95, 'epsilon': 0.2, 'epsilon_step': 0.01}",,152,3,0.85,-33.75000000000001,0.024935245513916016,"['down', 'left', 'right', 'right']",3.070512114647004,0.08529200318463899
153,"Qlearntab_Language_{'alpha': 0.05, 'gamma': 0.95, 'epsilon': 0.2, 'epsilon_step': 0.01}",,153,2,0.9,-32.85000000000001,0.019918441772460938,"['right', 'right', 'right']",3.1148844655553325,0.08652456848764813
154,"Qlearntab_Language_{'alpha': 0.05, 'gamma': 0.95, 'epsilon': 0.2, 'epsilon_step': 0.01}",,154,2,-1.1,-33.95000000000001,0.021940946578979492,"['right', 'right', 'right']",3.069451500512568,0.08526254168090468
155,"Qlearntab_Language_{'alpha': 0.05, 'gamma': 0.95, 'epsilon': 0.2, 'epsilon_step': 0.01}",,155,11,-1.5499999999999998,-35.50000000000001,0.07280516624450684,"['right', 'down', 'down', 'down', 'left', 'left', 'up', 'up', 'down', 'right', 'right', 'right']",3.0108962295774186,0.08363600637715052
156,"Qlearntab_Language_{'alpha': 0.05, 'gamma': 0.95, 'epsilon': 0.2, 'epsilon_step': 0.01}",,156,14,0.29999999999999993,-35.20000000000001,0.09873533248901367,"['right', 'right', 'up', 'left', 'left', 'left', 'right', 'left', 'down', 'right', 'right', 'right', 'left', 'right', 'right']",3.071360898543518,0.08531558051509773
157,"Qlearntab_Language_{'alpha': 0.05, 'gamma': 0.95, 'epsilon': 0.2, 'epsilon_step': 0.01}",,157,4,-1.2,-36.40000000000001,0.0388951301574707,"['right', 'up', 'right', 'down', 'right']",3.0221755128100325,0.08394931980027869
158,"Qlearntab_Language_{'alpha': 0.05, 'gamma': 0.95, 'epsilon': 0.2, 'epsilon_step': 0.01}",,158,3,0.85,-35.55000000000001,0.025929689407348633,"['down', 'up', 'right', 'right']",3.0693691737914395,0.08526025482753999
159,"Qlearntab_Language_{'alpha': 0.05, 'gamma': 0.95, 'epsilon': 0.2, 'epsilon_step': 0.01}",,159,21,-2.0500000000000003,-37.60000000000001,0.14461469650268555,"['down', 'right', 'right', 'down', 'right', 'right', 'left', 'up', 'down', 'up', 'down', 'left', 'right', 'right', 'right', 'left', 'down', 'left', 'down', 'right', 'down', 'right']",3.0161240100298214,0.08378122250082837
160,"Qlearntab_Language_{'alpha': 0.05, 'gamma': 0.95, 'epsilon': 0.2, 'epsilon_step': 0.01}",,160,1,0.95,-36.650000000000006,0.014961481094360352,"['right', 'right']",3.064155161447121,0.08511542115130892
161,"Qlearntab_Language_{'alpha': 0.05, 'gamma': 0.95, 'epsilon': 0.2, 'epsilon_step': 0.01}",,161,0,-1.0,-37.650000000000006,0.00698089599609375,['right'],3.0147847552935554,0.08374402098037653
162,"Qlearntab_Language_{'alpha': 0.05, 'gamma': 0.95, 'epsilon': 0.2, 'epsilon_step': 0.01}",,162,2,0.9,-36.75000000000001,0.02293682098388672,"['right', 'right', 'right']",3.0608886429756614,0.08502468452710171
163,"Qlearntab_Language_{'alpha': 0.05, 'gamma': 0.95, 'epsilon': 0.2, 'epsilon_step': 0.01}",,163,10,0.5,-36.25000000000001,0.06781935691833496,"['right', 'left', 'left', 'up', 'up', 'up', 'up', 'right', 'right', 'right', 'right']",3.0756351646791398,0.0854343101299761
164,"Qlearntab_Language_{'alpha': 0.05, 'gamma': 0.95, 'epsilon': 0.2, 'epsilon_step': 0.01}",,164,15,-1.75,-38.00000000000001,0.09873557090759277,"['right', 'right', 'right', 'right', 'right', 'right', 'right', 'up', 'right', 'up', 'right', 'right', 'right', 'right', 'left', 'left']",3.01845322168423,0.08384592282456195
165,"Qlearntab_Language_{'alpha': 0.05, 'gamma': 0.95, 'epsilon': 0.2, 'epsilon_step': 0.01}",,165,1,0.95,-37.050000000000004,0.010969877243041992,"['down', 'right']",3.0702463803348516,0.0852846216759681
166,"Qlearntab_Language_{'alpha': 0.05, 'gamma': 0.95, 'epsilon': 0.2, 'epsilon_step': 0.01}",,166,3,-1.15,-38.2,0.02293872833251953,"['right', 'right', 'down', 'right']",3.0287324151173713,0.08413145597548254
167,"Qlearntab_Language_{'alpha': 0.05, 'gamma': 0.95, 'epsilon': 0.2, 'epsilon_step': 0.01}",,167,2,0.9,-37.300000000000004,0.022938013076782227,"['right', 'right', 'right']",3.074088331310152,0.0853913425363931
168,"Qlearntab_Language_{'alpha': 0.05, 'gamma': 0.95, 'epsilon': 0.2, 'epsilon_step': 0.01}",,168,0,-1.0,-38.300000000000004,0.0059833526611328125,['right'],3.0244276179026093,0.08401187827507248
169,"Qlearntab_Language_{'alpha': 0.05, 'gamma': 0.95, 'epsilon': 0.2, 'epsilon_step': 0.01}",,169,1,0.95,-37.35,0.014958858489990234,"['right', 'right']",3.072249992633759,0.08534027757315997
170,"Qlearntab_Language_{'alpha': 0.05, 'gamma': 0.95, 'epsilon': 0.2, 'epsilon_step': 0.01}",,170,3,0.85,-36.5,0.028921842575073242,"['right', 'up', 'right', 'right']",3.1129074114820727,0.08646965031894646
171,"Qlearntab_Language_{'alpha': 0.05, 'gamma': 0.95, 'epsilon': 0.2, 'epsilon_step': 0.01}",,171,1,0.95,-35.55,0.012964963912963867,"['right', 'right']",3.156337244159298,0.08767603455998049
172,"Qlearntab_Language_{'alpha': 0.05, 'gamma': 0.95, 'epsilon': 0.2, 'epsilon_step': 0.01}",,172,4,0.8,-34.75,0.030918598175048828,"['right', 'right', 'right', 'right', 'right']",3.198612664785802,0.08885035179960561
173,"Qlearntab_Language_{'alpha': 0.05, 'gamma': 0.95, 'epsilon': 0.2, 'epsilon_step': 0.01}",,173,3,-1.15,-35.9,0.025929927825927734,"['right', 'right', 'up', 'up']",3.156435042022543,0.08767875116729286
174,"Qlearntab_Language_{'alpha': 0.05, 'gamma': 0.95, 'epsilon': 0.2, 'epsilon_step': 0.01}",,174,20,-2.220446049250313e-16,-35.9,0.12765812873840332,"['right', 'right', 'up', 'right', 'down', 'down', 'down', 'right', 'up', 'right', 'down', 'down', 'down', 'left', 'up', 'up', 'left', 'up', 'right', 'right', 'right']",3.1884067161423237,0.08856685322617566
175,"Qlearntab_Language_{'alpha': 0.05, 'gamma': 0.95, 'epsilon': 0.2, 'epsilon_step': 0.01}",,175,1,0.95,-34.949999999999996,0.009972333908081055,"['right', 'right']",3.2299137084255847,0.08971982523404402
176,"Qlearntab_Language_{'alpha': 0.05, 'gamma': 0.95, 'epsilon': 0.2, 'epsilon_step': 0.01}",,176,1,0.95,-33.99999999999999,0.012964248657226562,"['right', 'right']",3.269345389663716,0.090815149712881
177,"Qlearntab_Language_{'alpha': 0.05, 'gamma': 0.95, 'epsilon': 0.2, 'epsilon_step': 0.01}",,177,0,-1.0,-34.99999999999999,0.00498652458190918,['right'],3.211805486839941,0.08921681907888725
178,"Qlearntab_Language_{'alpha': 0.05, 'gamma': 0.95, 'epsilon': 0.2, 'epsilon_step': 0.01}",,178,1,0.95,-34.04999999999999,0.012962818145751953,"['right', 'right']",3.252142615797936,0.09033729488327599
179,"Qlearntab_Language_{'alpha': 0.05, 'gamma': 0.95, 'epsilon': 0.2, 'epsilon_step': 0.01}",,179,1,-1.05,-35.09999999999999,0.011967658996582031,"['left', 'right']",3.2023688306871034,0.08895468974130843
180,"Qlearntab_Language_{'alpha': 0.05, 'gamma': 0.95, 'epsilon': 0.2, 'epsilon_step': 0.01}",,180,3,0.85,-34.249999999999986,0.03091716766357422,"['left', 'right', 'up', 'right']",3.27232960064159,0.09089804446226639
181,"Qlearntab_Language_{'alpha': 0.05, 'gamma': 0.95, 'epsilon': 0.2, 'epsilon_step': 0.01}",,181,4,-1.2,-35.44999999999999,0.0359034538269043,"['right', 'right', 'down', 'down', 'up']",3.229260248701121,0.08970167357503114
182,"Qlearntab_Language_{'alpha': 0.05, 'gamma': 0.95, 'epsilon': 0.2, 'epsilon_step': 0.01}",,182,4,-1.2,-36.64999999999999,0.032911062240600586,"['right', 'right', 'down', 'left', 'up']",3.1857297355879,0.08849249265521945
183,"Qlearntab_Language_{'alpha': 0.05, 'gamma': 0.95, 'epsilon': 0.2, 'epsilon_step': 0.01}",,183,1,-1.05,-37.69999999999999,0.011965036392211914,"['right', 'right']",3.12837090970012,0.08689919193611445
184,"Qlearntab_Language_{'alpha': 0.05, 'gamma': 0.95, 'epsilon': 0.2, 'epsilon_step': 0.01}",,184,7,0.65,-37.04999999999999,0.054853200912475586,"['right', 'up', 'right', 'right', 'right', 'down', 'right', 'right']",3.2037174136924564,0.08899215038034601
185,"Qlearntab_Language_{'alpha': 0.05, 'gamma': 0.95, 'epsilon': 0.2, 'epsilon_step': 0.01}",,185,1,0.95,-36.09999999999999,0.011966943740844727,"['right', 'right']",3.243205592626926,0.09008904423963683
186,"Qlearntab_Language_{'alpha': 0.05, 'gamma': 0.95, 'epsilon': 0.2, 'epsilon_step': 0.01}",,186,5,-1.25,-37.34999999999999,0.04188656806945801,"['right', 'down', 'right', 'left', 'right', 'right']",3.188716757153773,0.0885754654764937
187,"Qlearntab_Language_{'alpha': 0.05, 'gamma': 0.95, 'epsilon': 0.2, 'epsilon_step': 0.01}",,187,9,0.55,-36.79999999999999,0.05884194374084473,"['right', 'right', 'right', 'left', 'up', 'up', 'up', 'right', 'right', 'right']",3.204057776103857,0.0890016048917738
188,"Qlearntab_Language_{'alpha': 0.05, 'gamma': 0.95, 'epsilon': 0.2, 'epsilon_step': 0.01}",,188,0,-1.0,-37.79999999999999,0.004986286163330078,['right'],3.148129697440177,0.08744804715111604
189,"Qlearntab_Language_{'alpha': 0.05, 'gamma': 0.95, 'epsilon': 0.2, 'epsilon_step': 0.01}",,189,3,0.85,-36.94999999999999,0.02493429183959961,"['right', 'right', 'right', 'right']",3.184956851348442,0.08847102364856783
190,"Qlearntab_Language_{'alpha': 0.05, 'gamma': 0.95, 'epsilon': 0.2, 'epsilon_step': 0.01}",,190,0,-1.0,-37.94999999999999,0.006982088088989258,['right'],3.1299838472743167,0.08694399575761991
191,"Qlearntab_Language_{'alpha': 0.05, 'gamma': 0.95, 'epsilon': 0.2, 'epsilon_step': 0.01}",,191,1,0.95,-36.999999999999986,0.01695418357849121,"['right', 'right']",3.1727595203380914,0.08813220889828031
192,"Qlearntab_Language_{'alpha': 0.05, 'gamma': 0.95, 'epsilon': 0.2, 'epsilon_step': 0.01}",,192,4,0.8,-36.19999999999999,0.03390860557556152,"['right', 'up', 'up', 'left', 'right']",3.212539945706941,0.08923722071408169
193,"Qlearntab_Language_{'alpha': 0.05, 'gamma': 0.95, 'epsilon': 0.2, 'epsilon_step': 0.01}",,193,1,0.95,-35.249999999999986,0.01196742057800293,"['down', 'right']",3.261743470733142,0.09060398529814283
194,"Qlearntab_Language_{'alpha': 0.05, 'gamma': 0.95, 'epsilon': 0.2, 'epsilon_step': 0.01}",,194,1,0.95,-34.29999999999998,0.013962268829345703,"['right', 'right']",3.3028850313557587,0.09174680642654885
195,"Qlearntab_Language_{'alpha': 0.05, 'gamma': 0.95, 'epsilon': 0.2, 'epsilon_step': 0.01}",,195,0,-1.0,-35.29999999999998,0.007978200912475586,['right'],3.2469695139472448,0.09019359760964568
196,"Qlearntab_Language_{'alpha': 0.05, 'gamma': 0.95, 'epsilon': 0.2, 'epsilon_step': 0.01}",,196,8,-1.4,-36.69999999999998,0.07180619239807129,"['right', 'up', 'down', 'up', 'right', 'right', 'right', 'up', 'right']",3.204758658599763,0.08902107384999342
197,"Qlearntab_Language_{'alpha': 0.05, 'gamma': 0.95, 'epsilon': 0.2, 'epsilon_step': 0.01}",,197,0,-1.0,-37.69999999999998,0.005983114242553711,['right'],3.1523192172644046,0.08756442270178902
198,"Qlearntab_Language_{'alpha': 0.05, 'gamma': 0.95, 'epsilon': 0.2, 'epsilon_step': 0.01}",,198,1,0.95,-36.74999999999998,0.012964487075805664,"['right', 'right']",3.1975017699338832,0.08881949360927453
199,"Qlearntab_Language_{'alpha': 0.05, 'gamma': 0.95, 'epsilon': 0.2, 'epsilon_step': 0.01}",,199,9,-1.45,-38.19999999999998,0.0578455924987793,"['down', 'right', 'right', 'down', 'right', 'up', 'right', 'left', 'up', 'up']",3.1720420938611147,0.08811228038503097
200,"Qlearntab_Language_{'alpha': 0.05, 'gamma': 0.95, 'epsilon': 0.2, 'epsilon_step': 0.01}",,200,0,-1.0,-39.19999999999998,0.005982637405395508,['down'],0.24741605980209716,0.008531588269037833
201,"Qlearntab_Language_{'alpha': 0.05, 'gamma': 0.95, 'epsilon': 0.2, 'epsilon_step': 0.01}",,201,0,-1.0,-40.19999999999998,0.008975744247436523,['left'],0.1939410241137489,0.006687621521163755
202,"Qlearntab_Language_{'alpha': 0.05, 'gamma': 0.95, 'epsilon': 0.2, 'epsilon_step': 0.01}",,202,47,-3.3499999999999996,-43.54999999999998,0.2842395305633545,"['left', 'down', 'left', 'right', 'up', 'left', 'right', 'right', 'left', 'right', 'down', 'up', 'up', 'left', 'down', 'left', 'up', 'right', 'right', 'left', 'right', 'left', 'right', 'up', 'left', 'left', 'up', 'down', 'right', 'left', 'left', 'down', 'left', 'right', 'left', 'down', 'right', 'left', 'up', 'right', 'up', 'right', 'right', 'right', 'down', 'up', 'left', 'left']",0.05927009445559786,0.0018521904517374331
203,"Qlearntab_Language_{'alpha': 0.05, 'gamma': 0.95, 'epsilon': 0.2, 'epsilon_step': 0.01}",,203,1,0.95,-42.59999999999998,0.0109710693359375,"['left', 'right']",0.10397060984469753,0.0032490815576467977
204,"Qlearntab_Language_{'alpha': 0.05, 'gamma': 0.95, 'epsilon': 0.2, 'epsilon_step': 0.01}",,204,0,-1.0,-43.59999999999998,0.003989458084106445,['left'],0.051436099464342244,0.0016073781082606951
205,"Qlearntab_Language_{'alpha': 0.05, 'gamma': 0.95, 'epsilon': 0.2, 'epsilon_step': 0.01}",,205,11,-1.5499999999999998,-45.14999999999998,0.059839725494384766,"['left', 'up', 'left', 'left', 'left', 'down', 'down', 'down', 'left', 'right', 'up', 'left']",-0.02209621451281829,-0.0006905067035255716
206,"Qlearntab_Language_{'alpha': 0.05, 'gamma': 0.95, 'epsilon': 0.2, 'epsilon_step': 0.01}",,206,1,0.95,-44.199999999999974,0.010970592498779297,"['left', 'right']",0.026717343469891516,0.0008349169834341099
207,"Qlearntab_Language_{'alpha': 0.05, 'gamma': 0.95, 'epsilon': 0.2, 'epsilon_step': 0.01}",,207,1,0.95,-43.24999999999997,0.010968685150146484,"['left', 'right']",0.07413552439151373,0.002316735137234804
208,"Qlearntab_Language_{'alpha': 0.05, 'gamma': 0.95, 'epsilon': 0.2, 'epsilon_step': 0.01}",,208,5,-1.25,-44.49999999999997,0.03291177749633789,"['left', 'left', 'right', 'up', 'left', 'up']",0.014340875631508085,0.00044815236348462765
209,"Qlearntab_Language_{'alpha': 0.05, 'gamma': 0.95, 'epsilon': 0.2, 'epsilon_step': 0.01}",,209,1,0.95,-43.54999999999997,0.011967897415161133,"['left', 'right']",0.060613979940955326,0.001894186873154854
210,"Qlearntab_Language_{'alpha': 0.05, 'gamma': 0.95, 'epsilon': 0.2, 'epsilon_step': 0.01}",,210,0,-1.0,-44.54999999999997,0.003990650177001953,['right'],4.236056015784149,0.1176682226606708
211,"Qlearntab_Language_{'alpha': 0.05, 'gamma': 0.95, 'epsilon': 0.2, 'epsilon_step': 0.01}",,211,1,0.95,-43.599999999999966,0.010970592498779297,"['left', 'right']",4.286779796138329,0.11907721655939801
212,"Qlearntab_Language_{'alpha': 0.05, 'gamma': 0.95, 'epsilon': 0.2, 'epsilon_step': 0.01}",,212,1,0.95,-42.64999999999996,0.01296687126159668,"['right', 'right']",4.330439826850792,0.12028999519029979
213,"Qlearntab_Language_{'alpha': 0.05, 'gamma': 0.95, 'epsilon': 0.2, 'epsilon_step': 0.01}",,213,1,0.95,-41.69999999999996,0.010970830917358398,"['right', 'right']",4.371916857898019,0.12144213494161164
214,"Qlearntab_Language_{'alpha': 0.05, 'gamma': 0.95, 'epsilon': 0.2, 'epsilon_step': 0.01}",,214,1,0.95,-40.74999999999996,0.013962507247924805,"['right', 'right']",4.411320039169752,0.12253666775471533
215,"Qlearntab_Language_{'alpha': 0.05, 'gamma': 0.95, 'epsilon': 0.2, 'epsilon_step': 0.01}",,215,1,0.95,-39.799999999999955,0.008976459503173828,"['right', 'right']",4.448753063065922,0.1235764739740534
216,"Qlearntab_Language_{'alpha': 0.05, 'gamma': 0.95, 'epsilon': 0.2, 'epsilon_step': 0.01}",,216,0,-1.0,-40.799999999999955,0.00498652458190918,['right'],4.389314435767284,0.12192540099353567
217,"Qlearntab_Language_{'alpha': 0.05, 'gamma': 0.95, 'epsilon': 0.2, 'epsilon_step': 0.01}",,217,7,0.65,-40.149999999999956,0.04687333106994629,"['down', 'right', 'up', 'up', 'right', 'right', 'right', 'right']",4.4265949492801475,0.12296097081333743
218,"Qlearntab_Language_{'alpha': 0.05, 'gamma': 0.95, 'epsilon': 0.2, 'epsilon_step': 0.01}",,218,1,0.95,-39.19999999999995,0.010970354080200195,"['right', 'right']",4.46400510467067,0.12400014179640749
219,"Qlearntab_Language_{'alpha': 0.05, 'gamma': 0.95, 'epsilon': 0.2, 'epsilon_step': 0.01}",,219,1,0.95,-38.24999999999995,0.011967658996582031,"['right', 'right']",4.4995447537389355,0.12498735427052599
220,"Qlearntab_Language_{'alpha': 0.05, 'gamma': 0.95, 'epsilon': 0.2, 'epsilon_step': 0.01}",,220,1,0.95,-37.29999999999995,0.0139617919921875,"['right', 'right']",4.533307421728694,0.1259252061591304
221,"Qlearntab_Language_{'alpha': 0.05, 'gamma': 0.95, 'epsilon': 0.2, 'epsilon_step': 0.01}",,221,2,-1.1,-38.39999999999995,0.017950773239135742,"['right', 'right', 'down']",4.477212616144214,0.12436701711511705
222,"Qlearntab_Language_{'alpha': 0.05, 'gamma': 0.95, 'epsilon': 0.2, 'epsilon_step': 0.01}",,222,1,-1.05,-39.449999999999946,0.010969400405883789,"['right', 'right']",4.412221730546783,0.12256171473741063
223,"Qlearntab_Language_{'alpha': 0.05, 'gamma': 0.95, 'epsilon': 0.2, 'epsilon_step': 0.01}",,223,6,-1.3,-40.74999999999994,0.04188823699951172,"['left', 'up', 'right', 'right', 'right', 'down', 'left']",4.367489142264706,0.12131914284068628
224,"Qlearntab_Language_{'alpha': 0.05, 'gamma': 0.95, 'epsilon': 0.2, 'epsilon_step': 0.01}",,224,3,0.85,-39.89999999999994,0.023937463760375977,"['right', 'left', 'right', 'right']",4.424026724458121,0.1228896312349478
225,"Qlearntab_Language_{'alpha': 0.05, 'gamma': 0.95, 'epsilon': 0.2, 'epsilon_step': 0.01}",,225,4,0.8,-39.099999999999945,0.03390932083129883,"['right', 'right', 'up', 'right', 'right']",4.450980727718908,0.12363835354774744
226,"Qlearntab_Language_{'alpha': 0.05, 'gamma': 0.95, 'epsilon': 0.2, 'epsilon_step': 0.01}",,226,0,-1.0,-40.099999999999945,0.005984067916870117,['right'],4.390182206617771,0.12194950573938253
227,"Qlearntab_Language_{'alpha': 0.05, 'gamma': 0.95, 'epsilon': 0.2, 'epsilon_step': 0.01}",,227,1,0.95,-39.14999999999994,0.014961481094360352,"['right', 'right']",4.427423612750502,0.1229839892430695
228,"Qlearntab_Language_{'alpha': 0.05, 'gamma': 0.95, 'epsilon': 0.2, 'epsilon_step': 0.01}",,228,0,-1.0,-40.14999999999994,0.006979942321777344,['right'],4.367802948576596,0.12132785968268323
229,"Qlearntab_Language_{'alpha': 0.05, 'gamma': 0.95, 'epsilon': 0.2, 'epsilon_step': 0.01}",,229,3,0.85,-39.29999999999994,0.026928186416625977,"['right', 'up', 'right', 'right']",4.400933630811097,0.12224815641141935
230,"Qlearntab_Language_{'alpha': 0.05, 'gamma': 0.95, 'epsilon': 0.2, 'epsilon_step': 0.01}",,230,4,0.8,-38.49999999999994,0.03390908241271973,"['up', 'right', 'right', 'right', 'right']",4.435601143820533,0.12321114288390371
231,"Qlearntab_Language_{'alpha': 0.05, 'gamma': 0.95, 'epsilon': 0.2, 'epsilon_step': 0.01}",,231,2,-1.1,-39.599999999999945,0.018950939178466797,"['right', 'up', 'right']",4.37059003625553,0.12140527878487584
232,"Qlearntab_Language_{'alpha': 0.05, 'gamma': 0.95, 'epsilon': 0.2, 'epsilon_step': 0.01}",,232,0,-1.0,-40.599999999999945,0.006982088088989258,['right'],4.3145780796183795,0.11984939110051054
233,"Qlearntab_Language_{'alpha': 0.05, 'gamma': 0.95, 'epsilon': 0.2, 'epsilon_step': 0.01}",,233,8,0.6000000000000001,-39.99999999999994,0.053855180740356445,"['right', 'up', 'right', 'down', 'up', 'right', 'left', 'right', 'right']",4.367320252349663,0.12131445145415731
234,"Qlearntab_Language_{'alpha': 0.05, 'gamma': 0.95, 'epsilon': 0.2, 'epsilon_step': 0.01}",,234,1,0.95,-39.04999999999994,0.010970830917358398,"['right', 'right']",4.407626077942605,0.12243405772062792
235,"Qlearntab_Language_{'alpha': 0.05, 'gamma': 0.95, 'epsilon': 0.2, 'epsilon_step': 0.01}",,235,0,-1.0,-40.04999999999994,0.003988981246948242,['right'],4.3509166122559,0.1208587947848861
236,"Qlearntab_Language_{'alpha': 0.05, 'gamma': 0.95, 'epsilon': 0.2, 'epsilon_step': 0.01}",,236,0,-1.0,-41.04999999999994,0.004985332489013672,['down'],4.308177553132059,0.11967159869811275
237,"Qlearntab_Language_{'alpha': 0.05, 'gamma': 0.95, 'epsilon': 0.2, 'epsilon_step': 0.01}",,237,1,0.95,-40.09999999999994,0.013962984085083008,"['right', 'right']",4.34930356164183,0.12081398782338416
238,"Qlearntab_Language_{'alpha': 0.05, 'gamma': 0.95, 'epsilon': 0.2, 'epsilon_step': 0.01}",,238,1,0.95,-39.149999999999935,0.012965202331542969,"['right', 'right']",4.388373270592646,0.12189925751646238
239,"Qlearntab_Language_{'alpha': 0.05, 'gamma': 0.95, 'epsilon': 0.2, 'epsilon_step': 0.01}",,239,1,-1.05,-40.19999999999993,0.010969161987304688,"['right', 'right']",4.327740014712327,0.12021500040867575
240,"Qlearntab_Language_{'alpha': 0.05, 'gamma': 0.95, 'epsilon': 0.2, 'epsilon_step': 0.01}",,240,1,0.95,-39.24999999999993,0.012964010238647461,"['right', 'right']",4.367887901832826,0.12133021949535627
241,"Qlearntab_Language_{'alpha': 0.05, 'gamma': 0.95, 'epsilon': 0.2, 'epsilon_step': 0.01}",,241,1,0.95,-38.299999999999926,0.01096963882446289,"['right', 'right']",4.406028395379346,0.12238967764942628
242,"Qlearntab_Language_{'alpha': 0.05, 'gamma': 0.95, 'epsilon': 0.2, 'epsilon_step': 0.01}",,242,5,0.75,-37.549999999999926,0.03789830207824707,"['right', 'left', 'right', 'left', 'right', 'right']",4.476797591271794,0.12435548864643871
243,"Qlearntab_Language_{'alpha': 0.05, 'gamma': 0.95, 'epsilon': 0.2, 'epsilon_step': 0.01}",,243,1,-1.05,-38.59999999999992,0.013962507247924805,"['left', 'right']",4.427032280120977,0.12297311889224935
244,"Qlearntab_Language_{'alpha': 0.05, 'gamma': 0.95, 'epsilon': 0.2, 'epsilon_step': 0.01}",,244,15,0.2499999999999999,-38.34999999999992,0.08676624298095703,"['right', 'right', 'right', 'right', 'up', 'left', 'down', 'down', 'right', 'up', 'up', 'right', 'right', 'left', 'right', 'right']",4.447775290642251,0.12354931362895141
245,"Qlearntab_Language_{'alpha': 0.05, 'gamma': 0.95, 'epsilon': 0.2, 'epsilon_step': 0.01}",,245,8,0.6000000000000001,-37.74999999999992,0.05086350440979004,"['right', 'up', 'right', 'up', 'down', 'left', 'up', 'right', 'right']",4.4694153175231905,0.1241504254867553
246,"Qlearntab_Language_{'alpha': 0.05, 'gamma': 0.95, 'epsilon': 0.2, 'epsilon_step': 0.01}",,246,0,-1.0,-38.74999999999992,0.005984067916870117,['right'],4.411811897654599,0.12255033049040552
247,"Qlearntab_Language_{'alpha': 0.05, 'gamma': 0.95, 'epsilon': 0.2, 'epsilon_step': 0.01}",,247,1,-1.05,-39.79999999999992,0.013963699340820312,"['right', 'right']",4.354489294457866,0.12095803595716295
248,"Qlearntab_Language_{'alpha': 0.05, 'gamma': 0.95, 'epsilon': 0.2, 'epsilon_step': 0.01}",,248,1,0.95,-38.849999999999916,0.01296687126159668,"['right', 'right']",4.397632176379522,0.12215644934387562
249,"Qlearntab_Language_{'alpha': 0.05, 'gamma': 0.95, 'epsilon': 0.2, 'epsilon_step': 0.01}",,249,1,-1.05,-39.89999999999991,0.012965202331542969,"['right', 'right']",4.3410522367518105,0.12058478435421696
250,"Qlearntab_Language_{'alpha': 0.05, 'gamma': 0.95, 'epsilon': 0.2, 'epsilon_step': 0.01}",,250,1,0.95,-38.94999999999991,0.012963533401489258,"['right', 'right']",4.384866972163903,0.12180186033788619
251,"Qlearntab_Language_{'alpha': 0.05, 'gamma': 0.95, 'epsilon': 0.2, 'epsilon_step': 0.01}",,251,1,-1.05,-39.99999999999991,0.014961004257202148,"['right', 'right']",4.328955610740861,0.12024876696502391
252,"Qlearntab_Language_{'alpha': 0.05, 'gamma': 0.95, 'epsilon': 0.2, 'epsilon_step': 0.01}",,252,0,-1.0,-40.99999999999991,0.00698089599609375,['right'],4.2783751774535,0.1188437549292639
253,"Qlearntab_Language_{'alpha': 0.05, 'gamma': 0.95, 'epsilon': 0.2, 'epsilon_step': 0.01}",,253,0,-1.0,-41.99999999999991,0.0059850215911865234,['right'],4.230323765830508,0.11750899349529188
254,"Qlearntab_Language_{'alpha': 0.05, 'gamma': 0.95, 'epsilon': 0.2, 'epsilon_step': 0.01}",,254,1,0.95,-41.049999999999905,0.014960289001464844,"['right', 'right']",4.279674925363541,0.11887985903787615
255,"Qlearntab_Language_{'alpha': 0.05, 'gamma': 0.95, 'epsilon': 0.2, 'epsilon_step': 0.01}",,255,3,0.85,-40.1999999999999,0.022939443588256836,"['right', 'up', 'right', 'right']",4.325518038610099,0.12015327885028053
256,"Qlearntab_Language_{'alpha': 0.05, 'gamma': 0.95, 'epsilon': 0.2, 'epsilon_step': 0.01}",,256,1,0.95,-39.2499999999999,0.012964487075805664,"['down', 'right']",4.379915932961276,0.12166433147114655
257,"Qlearntab_Language_{'alpha': 0.05, 'gamma': 0.95, 'epsilon': 0.2, 'epsilon_step': 0.01}",,257,13,0.35,-38.8999999999999,0.08178186416625977,"['right', 'up', 'down', 'up', 'right', 'up', 'right', 'left', 'right', 'left', 'right', 'up', 'right', 'right']",4.469776333285168,0.12416045370236578
258,"Qlearntab_Language_{'alpha': 0.05, 'gamma': 0.95, 'epsilon': 0.2, 'epsilon_step': 0.01}",,258,1,-1.05,-39.949999999999896,0.010970354080200195,"['right', 'right']",4.414988471806709,0.12263856866129748
259,"Qlearntab_Language_{'alpha': 0.05, 'gamma': 0.95, 'epsilon': 0.2, 'epsilon_step': 0.01}",,259,1,0.95,-38.99999999999989,0.010970830917358398,"['right', 'right']",4.460424417636741,0.12390067826768725
260,"Qlearntab_Language_{'alpha': 0.05, 'gamma': 0.95, 'epsilon': 0.2, 'epsilon_step': 0.01}",,260,2,0.9,-38.099999999999895,0.019945383071899414,"['right', 'up', 'right']",4.524970511778063,0.12569362532716843
261,"Qlearntab_Language_{'alpha': 0.05, 'gamma': 0.95, 'epsilon': 0.2, 'epsilon_step': 0.01}",,261,1,0.95,-37.14999999999989,0.012964963912963867,"['right', 'right']",4.565976453734841,0.12683267927041225
262,"Qlearntab_Language_{'alpha': 0.05, 'gamma': 0.95, 'epsilon': 0.2, 'epsilon_step': 0.01}",,262,1,0.95,-36.19999999999989,0.013962030410766602,"['right', 'right']",4.604932098995237,0.12791478052764546
263,"Qlearntab_Language_{'alpha': 0.05, 'gamma': 0.95, 'epsilon': 0.2, 'epsilon_step': 0.01}",,263,0,-1.0,-37.19999999999989,0.005984067916870117,['down'],4.561432760477932,0.12670646556883144
264,"Qlearntab_Language_{'alpha': 0.05, 'gamma': 0.95, 'epsilon': 0.2, 'epsilon_step': 0.01}",,264,1,0.95,-36.249999999999886,0.010969877243041992,"['right', 'right']",4.598440623856693,0.12773446177379702
265,"Qlearntab_Language_{'alpha': 0.05, 'gamma': 0.95, 'epsilon': 0.2, 'epsilon_step': 0.01}",,265,0,-1.0,-37.249999999999886,0.0049860477447509766,['right'],4.538598094066515,0.12607216927962542
266,"Qlearntab_Language_{'alpha': 0.05, 'gamma': 0.95, 'epsilon': 0.2, 'epsilon_step': 0.01}",,266,0,-1.0,-38.249999999999886,0.005982398986816406,['right'],4.481747690765847,0.1244929914101624
267,"Qlearntab_Language_{'alpha': 0.05, 'gamma': 0.95, 'epsilon': 0.2, 'epsilon_step': 0.01}",,267,1,0.95,-37.29999999999988,0.01196742057800293,"['right', 'right']",4.522739807992527,0.12563166133312575
268,"Qlearntab_Language_{'alpha': 0.05, 'gamma': 0.95, 'epsilon': 0.2, 'epsilon_step': 0.01}",,268,0,-1.0,-38.29999999999988,0.0039899349212646484,['right'],4.466682319357873,0.12407450887105204
269,"Qlearntab_Language_{'alpha': 0.05, 'gamma': 0.95, 'epsilon': 0.2, 'epsilon_step': 0.01}",,269,0,-1.0,-39.29999999999988,0.00698089599609375,['right'],4.413427705154952,0.122595214032082
270,"Qlearntab_Language_{'alpha': 0.05, 'gamma': 0.95, 'epsilon': 0.2, 'epsilon_step': 0.01}",,270,0,-1.0,-40.29999999999988,0.005984306335449219,['left'],4.366150659561677,0.12128196276560213
271,"Qlearntab_Language_{'alpha': 0.05, 'gamma': 0.95, 'epsilon': 0.2, 'epsilon_step': 0.01}",,271,1,0.95,-39.34999999999988,0.013962030410766602,"['right', 'right']",4.410558776413101,0.12251552156703058
272,"Qlearntab_Language_{'alpha': 0.05, 'gamma': 0.95, 'epsilon': 0.2, 'epsilon_step': 0.01}",,272,1,0.95,-38.39999999999988,0.014958858489990234,"['right', 'right']",4.452746487748944,0.12368740243747066
273,"Qlearntab_Language_{'alpha': 0.05, 'gamma': 0.95, 'epsilon': 0.2, 'epsilon_step': 0.01}",,273,0,-1.0,-39.39999999999988,0.004986286163330078,['right'],4.397824813517995,0.12216180037549987
274,"Qlearntab_Language_{'alpha': 0.05, 'gamma': 0.95, 'epsilon': 0.2, 'epsilon_step': 0.01}",,274,2,0.9,-38.49999999999988,0.017951488494873047,"['right', 'left', 'right']",4.445302840989053,0.12348063447191815
275,"Qlearntab_Language_{'alpha': 0.05, 'gamma': 0.95, 'epsilon': 0.2, 'epsilon_step': 0.01}",,275,0,-1.0,-39.49999999999988,0.005984067916870117,['right'],4.39325768944595,0.12203493581794306
276,"Qlearntab_Language_{'alpha': 0.05, 'gamma': 0.95, 'epsilon': 0.2, 'epsilon_step': 0.01}",,276,0,-1.0,-40.49999999999988,0.005984067916870117,['right'],4.343814795480003,0.12066152209666675
277,"Qlearntab_Language_{'alpha': 0.05, 'gamma': 0.95, 'epsilon': 0.2, 'epsilon_step': 0.01}",,277,14,0.29999999999999993,-40.19999999999988,0.07779169082641602,"['right', 'up', 'right', 'right', 'left', 'left', 'up', 'up', 'up', 'left', 'up', 'up', 'right', 'right', 'right']",4.3995486291055705,0.1222096841418214
278,"Qlearntab_Language_{'alpha': 0.05, 'gamma': 0.95, 'epsilon': 0.2, 'epsilon_step': 0.01}",,278,1,0.95,-39.24999999999988,0.013962030410766602,"['right', 'right']",4.445061288993966,0.12347392469427682
279,"Qlearntab_Language_{'alpha': 0.05, 'gamma': 0.95, 'epsilon': 0.2, 'epsilon_step': 0.01}",,279,2,0.9,-38.34999999999988,0.021941423416137695,"['right', 'right', 'right']",4.4861283478182585,0.12461467632828496
280,"Qlearntab_Language_{'alpha': 0.05, 'gamma': 0.95, 'epsilon': 0.2, 'epsilon_step': 0.01}",,280,1,0.95,-37.39999999999988,0.011967897415161133,"['right', 'right']",4.527312022290372,0.12575866728584367
281,"Qlearntab_Language_{'alpha': 0.05, 'gamma': 0.95, 'epsilon': 0.2, 'epsilon_step': 0.01}",,281,3,0.85,-36.549999999999876,0.02593064308166504,"['right', 'up', 'right', 'right']",4.561292142217955,0.1267025595060543
282,"Qlearntab_Language_{'alpha': 0.05, 'gamma': 0.95, 'epsilon': 0.2, 'epsilon_step': 0.01}",,282,1,0.95,-35.59999999999987,0.011968851089477539,"['right', 'right']",4.598968928371751,0.1277491368992153
283,"Qlearntab_Language_{'alpha': 0.05, 'gamma': 0.95, 'epsilon': 0.2, 'epsilon_step': 0.01}",,283,5,-1.25,-36.84999999999987,0.04188847541809082,"['right', 'up', 'right', 'down', 'up', 'right']",4.543385046390796,0.1262051401775221
284,"Qlearntab_Language_{'alpha': 0.05, 'gamma': 0.95, 'epsilon': 0.2, 'epsilon_step': 0.01}",,284,0,-1.0,-37.84999999999987,0.00698089599609375,['left'],4.495967513037973,0.12488798647327704
285,"Qlearntab_Language_{'alpha': 0.05, 'gamma': 0.95, 'epsilon': 0.2, 'epsilon_step': 0.01}",,285,2,0.9,-36.949999999999875,0.01795196533203125,"['right', 'up', 'right']",4.555828071037162,0.12655077975103227
286,"Qlearntab_Language_{'alpha': 0.05, 'gamma': 0.95, 'epsilon': 0.2, 'epsilon_step': 0.01}",,286,2,-1.1,-38.049999999999876,0.01695418357849121,"['right', 'down', 'left']",4.553705781459909,0.12649182726277525
287,"Qlearntab_Language_{'alpha': 0.05, 'gamma': 0.95, 'epsilon': 0.2, 'epsilon_step': 0.01}",,287,0,-1.0,-39.049999999999876,0.005983591079711914,['right'],4.4943975861122905,0.12484437739200807
288,"Qlearntab_Language_{'alpha': 0.05, 'gamma': 0.95, 'epsilon': 0.2, 'epsilon_step': 0.01}",,288,1,0.95,-38.09999999999987,0.016955852508544922,"['right', 'right']",4.533054800738138,0.12591818890939271
289,"Qlearntab_Language_{'alpha': 0.05, 'gamma': 0.95, 'epsilon': 0.2, 'epsilon_step': 0.01}",,289,15,0.2499999999999999,-37.84999999999987,0.09973287582397461,"['right', 'up', 'right', 'up', 'up', 'up', 'left', 'up', 'up', 'right', 'right', 'right', 'right', 'right', 'right', 'right']",4.523013168530472,0.125639254681402
290,"Qlearntab_Language_{'alpha': 0.05, 'gamma': 0.95, 'epsilon': 0.2, 'epsilon_step': 0.01}",,290,2,-1.1,-38.949999999999875,0.02091670036315918,"['right', 'up', 'right']",4.46064843609578,0.12390690100266055
291,"Qlearntab_Language_{'alpha': 0.05, 'gamma': 0.95, 'epsilon': 0.2, 'epsilon_step': 0.01}",,291,8,0.6000000000000001,-38.34999999999987,0.054852962493896484,"['right', 'right', 'up', 'right', 'right', 'left', 'right', 'right', 'right']",4.501856899635558,0.12505158054543217
292,"Qlearntab_Language_{'alpha': 0.05, 'gamma': 0.95, 'epsilon': 0.2, 'epsilon_step': 0.01}",,292,1,0.95,-37.39999999999987,0.011967897415161133,"['right', 'right']",4.541655939114116,0.12615710941983654
293,"Qlearntab_Language_{'alpha': 0.05, 'gamma': 0.95, 'epsilon': 0.2, 'epsilon_step': 0.01}",,293,1,-1.05,-38.44999999999987,0.009972810745239258,"['right', 'down']",4.497249304046956,0.1249235917790821
294,"Qlearntab_Language_{'alpha': 0.05, 'gamma': 0.95, 'epsilon': 0.2, 'epsilon_step': 0.01}",,294,3,0.85,-37.599999999999866,0.02493143081665039,"['right', 'up', 'right', 'right']",4.529927186808327,0.12583131074467574
295,"Qlearntab_Language_{'alpha': 0.05, 'gamma': 0.95, 'epsilon': 0.2, 'epsilon_step': 0.01}",,295,5,0.75,-36.849999999999866,0.03690218925476074,"['right', 'up', 'right', 'up', 'right', 'right']",4.559128110205123,0.12664244750569786
296,"Qlearntab_Language_{'alpha': 0.05, 'gamma': 0.95, 'epsilon': 0.2, 'epsilon_step': 0.01}",,296,1,-1.05,-37.899999999999864,0.010970592498779297,"['right', 'right']",4.496574668457799,0.12490485190160554
297,"Qlearntab_Language_{'alpha': 0.05, 'gamma': 0.95, 'epsilon': 0.2, 'epsilon_step': 0.01}",,297,12,-1.6,-39.499999999999865,0.07878899574279785,"['right', 'right', 'left', 'right', 'up', 'left', 'up', 'down', 'right', 'up', 'up', 'up', 'down']",4.4478463286979215,0.1235512869082756
298,"Qlearntab_Language_{'alpha': 0.05, 'gamma': 0.95, 'epsilon': 0.2, 'epsilon_step': 0.01}",,298,0,-1.0,-40.499999999999865,0.005982398986816406,['right'],4.391912719183492,0.12199757553287477
299,"Qlearntab_Language_{'alpha': 0.05, 'gamma': 0.95, 'epsilon': 0.2, 'epsilon_step': 0.01}",,299,0,-1.0,-41.499999999999865,0.00598454475402832,['left'],4.349118395332569,0.12080884431479359
300,"Qlearntab_Language_{'alpha': 0.05, 'gamma': 0.95, 'epsilon': 0.2, 'epsilon_step': 0.01}",,300,3,-1.15,-42.649999999999864,0.029920101165771484,"['left', 'up', 'right', 'left']",0.003958122718158159,0.00012369133494244248
301,"Qlearntab_Language_{'alpha': 0.05, 'gamma': 0.95, 'epsilon': 0.2, 'epsilon_step': 0.01}",,301,25,-0.25000000000000044,-42.899999999999864,0.1625659465789795,"['left', 'down', 'down', 'left', 'down', 'left', 'right', 'left', 'up', 'up', 'up', 'down', 'up', 'right', 'up', 'down', 'left', 'up', 'up', 'down', 'up', 'left', 'right', 'down', 'right', 'right']",0.0019084508939387138,5.6130908645256286e-05
302,"Qlearntab_Language_{'alpha': 0.05, 'gamma': 0.95, 'epsilon': 0.2, 'epsilon_step': 0.01}",,302,1,0.95,-41.94999999999986,0.01695394515991211,"['left', 'right']",0.0495478998141724,0.0014572911710050707
303,"Qlearntab_Language_{'alpha': 0.05, 'gamma': 0.95, 'epsilon': 0.2, 'epsilon_step': 0.01}",,303,1,0.95,-40.99999999999986,0.013962507247924805,"['left', 'right']",0.09565678035411473,0.0028134347162974923
304,"Qlearntab_Language_{'alpha': 0.05, 'gamma': 0.95, 'epsilon': 0.2, 'epsilon_step': 0.01}",,304,0,-1.0,-41.99999999999986,0.0049860477447509766,['left'],0.04446021686705991,0.0013076534372664678
305,"Qlearntab_Language_{'alpha': 0.05, 'gamma': 0.95, 'epsilon': 0.2, 'epsilon_step': 0.01}",,305,2,0.9,-41.09999999999986,0.018948793411254883,"['left', 'up', 'right']",0.12138947203054087,0.003570278589133555
306,"Qlearntab_Language_{'alpha': 0.05, 'gamma': 0.95, 'epsilon': 0.2, 'epsilon_step': 0.01}",,306,0,-1.0,-42.09999999999986,0.006981372833251953,['left'],0.07120296565278644,0.0020942048721407777
307,"Qlearntab_Language_{'alpha': 0.05, 'gamma': 0.95, 'epsilon': 0.2, 'epsilon_step': 0.01}",,307,0,-1.0,-43.09999999999986,0.005983591079711914,['left'],0.02352578459391974,0.0006919348409976394
308,"Qlearntab_Language_{'alpha': 0.05, 'gamma': 0.95, 'epsilon': 0.2, 'epsilon_step': 0.01}",,308,0,-1.0,-44.09999999999986,0.004987955093383789,['left'],-0.02176753741200363,-0.000640221688588342
309,"Qlearntab_Language_{'alpha': 0.05, 'gamma': 0.95, 'epsilon': 0.2, 'epsilon_step': 0.01}",,309,2,-1.1,-45.19999999999986,0.019947290420532227,"['left', 'left', 'left']",-0.055803052468461345,-0.0016412662490723924
310,"Qlearntab_Language_{'alpha': 0.05, 'gamma': 0.95, 'epsilon': 0.2, 'epsilon_step': 0.01}",,310,0,-1.0,-46.19999999999986,0.006981372833251953,['right'],4.438307420353788,0.12328631723204968
311,"Qlearntab_Language_{'alpha': 0.05, 'gamma': 0.95, 'epsilon': 0.2, 'epsilon_step': 0.01}",,311,1,0.95,-45.24999999999986,0.012964725494384766,"['right', 'right']",4.475131955012804,0.12430922097257789
312,"Qlearntab_Language_{'alpha': 0.05, 'gamma': 0.95, 'epsilon': 0.2, 'epsilon_step': 0.01}",,312,0,-1.0,-46.24999999999986,0.00498652458190918,['right'],4.415115262938869,0.12264209063719081
313,"Qlearntab_Language_{'alpha': 0.05, 'gamma': 0.95, 'epsilon': 0.2, 'epsilon_step': 0.01}",,313,0,-1.0,-47.24999999999986,0.0059833526611328125,['right'],4.358099405468631,0.1210583168185731
314,"Qlearntab_Language_{'alpha': 0.05, 'gamma': 0.95, 'epsilon': 0.2, 'epsilon_step': 0.01}",,314,3,0.85,-46.39999999999986,0.020946979522705078,"['right', 'up', 'right', 'right']",4.393864468102802,0.12205179078063338
315,"Qlearntab_Language_{'alpha': 0.05, 'gamma': 0.95, 'epsilon': 0.2, 'epsilon_step': 0.01}",,315,1,0.95,-45.449999999999854,0.01096963882446289,"['right', 'right']",4.433079117695274,0.1231410866026465
316,"Qlearntab_Language_{'alpha': 0.05, 'gamma': 0.95, 'epsilon': 0.2, 'epsilon_step': 0.01}",,316,0,-1.0,-46.449999999999854,0.004986763000488281,['left'],4.386266709031745,0.12184074191754848
317,"Qlearntab_Language_{'alpha': 0.05, 'gamma': 0.95, 'epsilon': 0.2, 'epsilon_step': 0.01}",,317,5,0.75,-45.699999999999854,0.032912254333496094,"['right', 'up', 'right', 'down', 'right', 'right']",4.459331860280246,0.12387032945222905
318,"Qlearntab_Language_{'alpha': 0.05, 'gamma': 0.95, 'epsilon': 0.2, 'epsilon_step': 0.01}",,318,1,0.95,-44.74999999999985,0.011970043182373047,"['left', 'right']",4.5098600731697625,0.1252738909213823
319,"Qlearntab_Language_{'alpha': 0.05, 'gamma': 0.95, 'epsilon': 0.2, 'epsilon_step': 0.01}",,319,2,-1.1,-45.84999999999985,0.01795220375061035,"['right', 'up', 'right']",4.443624723792065,0.12343402010533515
320,"Qlearntab_Language_{'alpha': 0.05, 'gamma': 0.95, 'epsilon': 0.2, 'epsilon_step': 0.01}",,320,11,0.45000000000000007,-45.39999999999985,0.06782031059265137,"['right', 'up', 'right', 'right', 'up', 'right', 'up', 'right', 'right', 'up', 'right', 'right']",4.458836448933734,0.12385656802593707
321,"Qlearntab_Language_{'alpha': 0.05, 'gamma': 0.95, 'epsilon': 0.2, 'epsilon_step': 0.01}",,321,1,0.95,-44.44999999999985,0.011968135833740234,"['left', 'right']",4.506838252189459,0.12518995144970718
322,"Qlearntab_Language_{'alpha': 0.05, 'gamma': 0.95, 'epsilon': 0.2, 'epsilon_step': 0.01}",,322,3,-1.15,-45.599999999999845,0.0249326229095459,"['right', 'right', 'up', 'left']",4.448654647292494,0.12357374020256927
323,"Qlearntab_Language_{'alpha': 0.05, 'gamma': 0.95, 'epsilon': 0.2, 'epsilon_step': 0.01}",,323,2,-1.1,-46.69999999999985,0.017952919006347656,"['right', 'up', 'right']",4.386832759562296,0.1218564655433971
324,"Qlearntab_Language_{'alpha': 0.05, 'gamma': 0.95, 'epsilon': 0.2, 'epsilon_step': 0.01}",,324,1,0.95,-45.749999999999844,0.011967182159423828,"['right', 'right']",4.428568556535328,0.12301579323709246
325,"Qlearntab_Language_{'alpha': 0.05, 'gamma': 0.95, 'epsilon': 0.2, 'epsilon_step': 0.01}",,325,4,0.8,-44.94999999999985,0.028922319412231445,"['right', 'down', 'right', 'right', 'right']",4.506384560316219,0.12517734889767274
326,"Qlearntab_Language_{'alpha': 0.05, 'gamma': 0.95, 'epsilon': 0.2, 'epsilon_step': 0.01}",,326,1,0.95,-43.999999999999844,0.011967182159423828,"['right', 'right']",4.5423039587278655,0.12617510996466294
327,"Qlearntab_Language_{'alpha': 0.05, 'gamma': 0.95, 'epsilon': 0.2, 'epsilon_step': 0.01}",,327,3,0.85,-43.14999999999984,0.0249330997467041,"['right', 'up', 'right', 'right']",4.570993145933221,0.12697203183147834
328,"Qlearntab_Language_{'alpha': 0.05, 'gamma': 0.95, 'epsilon': 0.2, 'epsilon_step': 0.01}",,328,0,-1.0,-44.14999999999984,0.005983591079711914,['left'],4.521594859026158,0.12559985719517106
329,"Qlearntab_Language_{'alpha': 0.05, 'gamma': 0.95, 'epsilon': 0.2, 'epsilon_step': 0.01}",,329,1,0.95,-43.19999999999984,0.013962745666503906,"['right', 'right']",4.554713109477974,0.12651980859661038
330,"Qlearntab_Language_{'alpha': 0.05, 'gamma': 0.95, 'epsilon': 0.2, 'epsilon_step': 0.01}",,330,0,-1.0,-44.19999999999984,0.008977174758911133,['right'],4.4911754474071985,0.12475487353908885
331,"Qlearntab_Language_{'alpha': 0.05, 'gamma': 0.95, 'epsilon': 0.2, 'epsilon_step': 0.01}",,331,1,-1.05,-45.24999999999984,0.011966705322265625,"['right', 'right']",4.427947531439019,0.12299854253997274
332,"Qlearntab_Language_{'alpha': 0.05, 'gamma': 0.95, 'epsilon': 0.2, 'epsilon_step': 0.01}",,332,0,-1.0,-46.24999999999984,0.003988504409790039,['right'],4.3707481482701915,0.1214096707852831
333,"Qlearntab_Language_{'alpha': 0.05, 'gamma': 0.95, 'epsilon': 0.2, 'epsilon_step': 0.01}",,333,3,0.85,-45.399999999999835,0.022937774658203125,"['right', 'up', 'right', 'right']",4.406262524349901,0.1223961812319417
334,"Qlearntab_Language_{'alpha': 0.05, 'gamma': 0.95, 'epsilon': 0.2, 'epsilon_step': 0.01}",,334,6,0.7,-44.69999999999983,0.04488015174865723,"['right', 'up', 'right', 'right', 'up', 'right', 'right']",4.432180382963303,0.12311612174898062
335,"Qlearntab_Language_{'alpha': 0.05, 'gamma': 0.95, 'epsilon': 0.2, 'epsilon_step': 0.01}",,335,0,-1.0,-45.69999999999983,0.005984306335449219,['left'],4.385252010401593,0.12181255584448869
336,"Qlearntab_Language_{'alpha': 0.05, 'gamma': 0.95, 'epsilon': 0.2, 'epsilon_step': 0.01}",,336,2,-1.1,-46.799999999999834,0.0169527530670166,"['right', 'up', 'up']",4.327535441533757,0.12020931782038215
337,"Qlearntab_Language_{'alpha': 0.05, 'gamma': 0.95, 'epsilon': 0.2, 'epsilon_step': 0.01}",,337,1,0.95,-45.84999999999983,0.012964963912963867,"['right', 'right']",4.3660696667022405,0.12127971296395113
338,"Qlearntab_Language_{'alpha': 0.05, 'gamma': 0.95, 'epsilon': 0.2, 'epsilon_step': 0.01}",,338,1,-1.05,-46.89999999999983,0.01096963882446289,"['right', 'down']",4.320410983273902,0.12001141620205284
339,"Qlearntab_Language_{'alpha': 0.05, 'gamma': 0.95, 'epsilon': 0.2, 'epsilon_step': 0.01}",,339,19,0.04999999999999971,-46.84999999999983,0.11369657516479492,"['right', 'right', 'up', 'right', 'up', 'up', 'up', 'left', 'up', 'down', 'up', 'left', 'up', 'up', 'up', 'up', 'up', 'right', 'right', 'right']",4.337718147068879,0.12049217075191329
340,"Qlearntab_Language_{'alpha': 0.05, 'gamma': 0.95, 'epsilon': 0.2, 'epsilon_step': 0.01}",,340,4,0.8,-46.049999999999834,0.029918909072875977,"['right', 'right', 'left', 'right', 'right']",4.391965836594067,0.12199905101650185
341,"Qlearntab_Language_{'alpha': 0.05, 'gamma': 0.95, 'epsilon': 0.2, 'epsilon_step': 0.01}",,341,9,-1.45,-47.49999999999984,0.05684828758239746,"['right', 'up', 'down', 'down', 'up', 'down', 'right', 'down', 'down', 'left']",4.330190963015297,0.12028308230598046
342,"Qlearntab_Language_{'alpha': 0.05, 'gamma': 0.95, 'epsilon': 0.2, 'epsilon_step': 0.01}",,342,2,0.9,-46.59999999999984,0.019945621490478516,"['right', 'up', 'right']",4.387886650490668,0.12188574029140746
343,"Qlearntab_Language_{'alpha': 0.05, 'gamma': 0.95, 'epsilon': 0.2, 'epsilon_step': 0.01}",,343,1,0.95,-45.649999999999835,0.010968923568725586,"['right', 'right']",4.422384708585704,0.12284401968293622
344,"Qlearntab_Language_{'alpha': 0.05, 'gamma': 0.95, 'epsilon': 0.2, 'epsilon_step': 0.01}",,344,1,0.95,-44.69999999999983,0.01196742057800293,"['right', 'right']",4.455157864294812,0.12375438511930034
345,"Qlearntab_Language_{'alpha': 0.05, 'gamma': 0.95, 'epsilon': 0.2, 'epsilon_step': 0.01}",,345,1,0.95,-43.74999999999983,0.013961076736450195,"['right', 'right']",4.4862923627113505,0.12461923229753752
346,"Qlearntab_Language_{'alpha': 0.05, 'gamma': 0.95, 'epsilon': 0.2, 'epsilon_step': 0.01}",,346,0,-1.0,-44.74999999999983,0.0069806575775146484,['right'],4.4208701362070615,0.12280194822797393
347,"Qlearntab_Language_{'alpha': 0.05, 'gamma': 0.95, 'epsilon': 0.2, 'epsilon_step': 0.01}",,347,0,-1.0,-45.74999999999983,0.005984783172607422,['right'],4.358719021027987,0.12107552836188853
348,"Qlearntab_Language_{'alpha': 0.05, 'gamma': 0.95, 'epsilon': 0.2, 'epsilon_step': 0.01}",,348,6,0.7,-45.04999999999983,0.04687356948852539,"['right', 'right', 'right', 'right', 'down', 'right', 'right']",4.42685750938567,0.12296826414960194
349,"Qlearntab_Language_{'alpha': 0.05, 'gamma': 0.95, 'epsilon': 0.2, 'epsilon_step': 0.01}",,349,1,0.95,-44.099999999999824,0.010972023010253906,"['right', 'right']",4.459706851118954,0.12388074586441539
350,"Qlearntab_Language_{'alpha': 0.05, 'gamma': 0.95, 'epsilon': 0.2, 'epsilon_step': 0.01}",,350,0,-1.0,-45.099999999999824,0.0069811344146728516,['right'],4.395913725765573,0.12210871460459925
351,"Qlearntab_Language_{'alpha': 0.05, 'gamma': 0.95, 'epsilon': 0.2, 'epsilon_step': 0.01}",,351,1,0.95,-44.14999999999982,0.011967658996582031,"['right', 'right']",4.430310257102449,0.12306417380840136
352,"Qlearntab_Language_{'alpha': 0.05, 'gamma': 0.95, 'epsilon': 0.2, 'epsilon_step': 0.01}",,352,4,0.8,-43.349999999999824,0.02991938591003418,"['right', 'right', 'up', 'up', 'right']",4.466565779400055,0.12407127165000152
353,"Qlearntab_Language_{'alpha': 0.05, 'gamma': 0.95, 'epsilon': 0.2, 'epsilon_step': 0.01}",,353,4,-1.2,-44.54999999999983,0.026927947998046875,"['right', 'up', 'left', 'up', 'right']",4.418661562729575,0.12274059896471042
354,"Qlearntab_Language_{'alpha': 0.05, 'gamma': 0.95, 'epsilon': 0.2, 'epsilon_step': 0.01}",,354,4,0.8,-43.74999999999983,0.029918670654296875,"['up', 'up', 'up', 'right', 'right']",4.4539514070389075,0.12372087241774743
355,"Qlearntab_Language_{'alpha': 0.05, 'gamma': 0.95, 'epsilon': 0.2, 'epsilon_step': 0.01}",,355,4,-1.2,-44.94999999999983,0.027925729751586914,"['right', 'up', 'right', 'up', 'right']",4.383469747524871,0.12176304854235753
356,"Qlearntab_Language_{'alpha': 0.05, 'gamma': 0.95, 'epsilon': 0.2, 'epsilon_step': 0.01}",,356,9,-1.45,-46.399999999999835,0.06183457374572754,"['right', 'up', 'up', 'left', 'down', 'up', 'up', 'right', 'up', 'up']",4.324230136347782,0.12011750378743839
357,"Qlearntab_Language_{'alpha': 0.05, 'gamma': 0.95, 'epsilon': 0.2, 'epsilon_step': 0.01}",,357,2,0.9,-45.49999999999984,0.01695418357849121,"['right', 'up', 'right']",4.384384819557507,0.12178846720993075
358,"Qlearntab_Language_{'alpha': 0.05, 'gamma': 0.95, 'epsilon': 0.2, 'epsilon_step': 0.01}",,358,2,0.9,-44.59999999999984,0.020943403244018555,"['right', 'right', 'right']",4.419519924581186,0.12276444234947739
359,"Qlearntab_Language_{'alpha': 0.05, 'gamma': 0.95, 'epsilon': 0.2, 'epsilon_step': 0.01}",,359,6,0.7,-43.899999999999835,0.036901235580444336,"['right', 'up', 'left', 'up', 'right', 'down', 'right']",4.459754527692483,0.12388207021368008
360,"Qlearntab_Language_{'alpha': 0.05, 'gamma': 0.95, 'epsilon': 0.2, 'epsilon_step': 0.01}",,360,1,0.95,-42.94999999999983,0.008976221084594727,"['up', 'right']",4.503043773873278,0.12508454927425772
361,"Qlearntab_Language_{'alpha': 0.05, 'gamma': 0.95, 'epsilon': 0.2, 'epsilon_step': 0.01}",,361,5,0.75,-42.19999999999983,0.030916213989257812,"['right', 'right', 'up', 'right', 'right', 'right']",4.528992177568529,0.1258053382657925
362,"Qlearntab_Language_{'alpha': 0.05, 'gamma': 0.95, 'epsilon': 0.2, 'epsilon_step': 0.01}",,362,2,0.9,-41.299999999999834,0.019944190979003906,"['right', 'up', 'right']",4.584042817834407,0.1273345227176224
363,"Qlearntab_Language_{'alpha': 0.05, 'gamma': 0.95, 'epsilon': 0.2, 'epsilon_step': 0.01}",,363,4,-1.2,-42.49999999999984,0.03091907501220703,"['right', 'up', 'right', 'up', 'right']",4.511966357337534,0.1253323988149315
364,"Qlearntab_Language_{'alpha': 0.05, 'gamma': 0.95, 'epsilon': 0.2, 'epsilon_step': 0.01}",,364,3,0.85,-41.649999999999835,0.02194046974182129,"['right', 'left', 'right', 'right']",4.568794726489516,0.12691096462470877
365,"Qlearntab_Language_{'alpha': 0.05, 'gamma': 0.95, 'epsilon': 0.2, 'epsilon_step': 0.01}",,365,0,-1.0,-42.649999999999835,0.004986286163330078,['left'],4.523435970523089,0.1256509991811969
366,"Qlearntab_Language_{'alpha': 0.05, 'gamma': 0.95, 'epsilon': 0.2, 'epsilon_step': 0.01}",,366,1,0.95,-41.69999999999983,0.013961315155029297,"['right', 'right']",4.559762634938685,0.12666007319274125
367,"Qlearntab_Language_{'alpha': 0.05, 'gamma': 0.95, 'epsilon': 0.2, 'epsilon_step': 0.01}",,367,2,0.9,-40.799999999999834,0.01795220375061035,"['right', 'right', 'right']",4.591399707105623,0.12753888075293396
368,"Qlearntab_Language_{'alpha': 0.05, 'gamma': 0.95, 'epsilon': 0.2, 'epsilon_step': 0.01}",,368,2,0.9,-39.899999999999835,0.020943164825439453,"['right', 'right', 'right']",4.621379787857585,0.12837166077382178
369,"Qlearntab_Language_{'alpha': 0.05, 'gamma': 0.95, 'epsilon': 0.2, 'epsilon_step': 0.01}",,369,1,0.95,-38.94999999999983,0.009971857070922852,"['right', 'right']",4.652809262092105,0.1292447017247807
370,"Qlearntab_Language_{'alpha': 0.05, 'gamma': 0.95, 'epsilon': 0.2, 'epsilon_step': 0.01}",,370,3,-1.15,-40.09999999999983,0.02592921257019043,"['right', 'up', 'right', 'up']",4.589119760489883,0.12747554890249674
371,"Qlearntab_Language_{'alpha': 0.05, 'gamma': 0.95, 'epsilon': 0.2, 'epsilon_step': 0.01}",,371,0,-1.0,-41.09999999999983,0.004986763000488281,['right'],4.524980020681066,0.12569388946336293
372,"Qlearntab_Language_{'alpha': 0.05, 'gamma': 0.95, 'epsilon': 0.2, 'epsilon_step': 0.01}",,372,12,0.4,-40.69999999999983,0.07878947257995605,"['right', 'right', 'up', 'up', 'up', 'up', 'up', 'down', 'up', 'up', 'right', 'right', 'right']",4.550913407250082,0.12641426131250227
373,"Qlearntab_Language_{'alpha': 0.05, 'gamma': 0.95, 'epsilon': 0.2, 'epsilon_step': 0.01}",,373,3,0.85,-39.84999999999983,0.022938251495361328,"['right', 'up', 'right', 'right']",4.580202998573168,0.12722786107147688
374,"Qlearntab_Language_{'alpha': 0.05, 'gamma': 0.95, 'epsilon': 0.2, 'epsilon_step': 0.01}",,374,3,-1.15,-40.99999999999983,0.02393507957458496,"['right', 'up', 'up', 'right']",4.510803185710178,0.1253000884919494
375,"Qlearntab_Language_{'alpha': 0.05, 'gamma': 0.95, 'epsilon': 0.2, 'epsilon_step': 0.01}",,375,2,-1.1,-42.09999999999983,0.017951488494873047,"['right', 'up', 'right']",4.453859446262576,0.12371831795173821
376,"Qlearntab_Language_{'alpha': 0.05, 'gamma': 0.95, 'epsilon': 0.2, 'epsilon_step': 0.01}",,376,0,-1.0,-43.09999999999983,0.005984067916870117,['right'],4.399186259832712,0.12219961832868645
377,"Qlearntab_Language_{'alpha': 0.05, 'gamma': 0.95, 'epsilon': 0.2, 'epsilon_step': 0.01}",,377,3,-1.15,-44.24999999999983,0.024935007095336914,"['right', 'right', 'right', 'right']",4.339863838148385,0.12055177328189957
378,"Qlearntab_Language_{'alpha': 0.05, 'gamma': 0.95, 'epsilon': 0.2, 'epsilon_step': 0.01}",,378,2,0.9,-43.34999999999983,0.019944429397583008,"['right', 'left', 'right']",4.391587853925488,0.12198855149793023
379,"Qlearntab_Language_{'alpha': 0.05, 'gamma': 0.95, 'epsilon': 0.2, 'epsilon_step': 0.01}",,379,0,-1.0,-44.34999999999983,0.005983829498291016,['right'],4.342623706213374,0.12062843628370483
380,"Qlearntab_Language_{'alpha': 0.05, 'gamma': 0.95, 'epsilon': 0.2, 'epsilon_step': 0.01}",,380,1,0.95,-43.39999999999983,0.013963460922241211,"['right', 'right']",4.3911077660635565,0.12197521572398767
381,"Qlearntab_Language_{'alpha': 0.05, 'gamma': 0.95, 'epsilon': 0.2, 'epsilon_step': 0.01}",,381,1,0.95,-42.449999999999825,0.012964248657226562,"['right', 'right']",4.4371676230890875,0.1232546561969191
382,"Qlearntab_Language_{'alpha': 0.05, 'gamma': 0.95, 'epsilon': 0.2, 'epsilon_step': 0.01}",,382,0,-1.0,-43.449999999999825,0.007979154586791992,['right'],4.385924487263343,0.12183123575731508
383,"Qlearntab_Language_{'alpha': 0.05, 'gamma': 0.95, 'epsilon': 0.2, 'epsilon_step': 0.01}",,383,3,0.85,-42.599999999999824,0.022938013076782227,"['right', 'right', 'right', 'right']",4.432442208925712,0.1231233946923809
384,"Qlearntab_Language_{'alpha': 0.05, 'gamma': 0.95, 'epsilon': 0.2, 'epsilon_step': 0.01}",,384,4,-1.2,-43.79999999999983,0.03291177749633789,"['right', 'up', 'up', 'right', 'right']",4.37229664413793,0.12145268455938694
385,"Qlearntab_Language_{'alpha': 0.05, 'gamma': 0.95, 'epsilon': 0.2, 'epsilon_step': 0.01}",,385,1,0.95,-42.849999999999824,0.011967897415161133,"['right', 'right']",4.419040778908775,0.12275113274746596
386,"Qlearntab_Language_{'alpha': 0.05, 'gamma': 0.95, 'epsilon': 0.2, 'epsilon_step': 0.01}",,386,2,-1.1,-43.949999999999825,0.019947052001953125,"['right', 'right', 'right']",4.365104255319613,0.12125289598110037
387,"Qlearntab_Language_{'alpha': 0.05, 'gamma': 0.95, 'epsilon': 0.2, 'epsilon_step': 0.01}",,387,3,0.85,-43.099999999999824,0.02293848991394043,"['right', 'right', 'right', 'right']",4.413860428551274,0.12260723412642428
388,"Qlearntab_Language_{'alpha': 0.05, 'gamma': 0.95, 'epsilon': 0.2, 'epsilon_step': 0.01}",,388,1,0.95,-42.14999999999982,0.008974552154541016,"['right', 'right']",4.45852637438209,0.12384795484394694
389,"Qlearntab_Language_{'alpha': 0.05, 'gamma': 0.95, 'epsilon': 0.2, 'epsilon_step': 0.01}",,389,1,0.95,-41.19999999999982,0.011968135833740234,"['right', 'right']",4.50095902305125,0.12502663952920137
390,"Qlearntab_Language_{'alpha': 0.05, 'gamma': 0.95, 'epsilon': 0.2, 'epsilon_step': 0.01}",,390,1,0.95,-40.249999999999815,0.011967897415161133,"['right', 'right']",4.541270039410342,0.1261463899836206
391,"Qlearntab_Language_{'alpha': 0.05, 'gamma': 0.95, 'epsilon': 0.2, 'epsilon_step': 0.01}",,391,0,-1.0,-41.249999999999815,0.007977724075317383,['right'],4.48456550495148,0.12457126402642998
392,"Qlearntab_Language_{'alpha': 0.05, 'gamma': 0.95, 'epsilon': 0.2, 'epsilon_step': 0.01}",,392,3,-1.15,-42.399999999999814,0.021942138671875,"['right', 'up', 'up', 'up']",4.450022330864444,0.12361173141290122
393,"Qlearntab_Language_{'alpha': 0.05, 'gamma': 0.95, 'epsilon': 0.2, 'epsilon_step': 0.01}",,393,2,0.9,-41.499999999999815,0.016953468322753906,"['right', 'right', 'right']",4.488867481467594,0.12469076337409983
394,"Qlearntab_Language_{'alpha': 0.05, 'gamma': 0.95, 'epsilon': 0.2, 'epsilon_step': 0.01}",,394,0,-1.0,-42.499999999999815,0.005984306335449219,['right'],4.433316775831199,0.1231476882175333
395,"Qlearntab_Language_{'alpha': 0.05, 'gamma': 0.95, 'epsilon': 0.2, 'epsilon_step': 0.01}",,395,6,-1.3,-43.79999999999981,0.04089164733886719,"['right', 'up', 'right', 'up', 'up', 'down', 'right']",4.370879344661608,0.12141331512948911
396,"Qlearntab_Language_{'alpha': 0.05, 'gamma': 0.95, 'epsilon': 0.2, 'epsilon_step': 0.01}",,396,0,-1.0,-44.79999999999981,0.004987239837646484,['up'],4.319523302784375,0.11998675841067707
397,"Qlearntab_Language_{'alpha': 0.05, 'gamma': 0.95, 'epsilon': 0.2, 'epsilon_step': 0.01}",,397,13,0.35,-44.44999999999981,0.08178114891052246,"['right', 'up', 'right', 'down', 'up', 'up', 'down', 'down', 'right', 'up', 'up', 'right', 'right', 'right']",4.331634132528851,0.12032317034802364
398,"Qlearntab_Language_{'alpha': 0.05, 'gamma': 0.95, 'epsilon': 0.2, 'epsilon_step': 0.01}",,398,1,-1.05,-45.49999999999981,0.009973287582397461,"['right', 'down']",4.285389690987469,0.1190386025274297
399,"Qlearntab_Language_{'alpha': 0.05, 'gamma': 0.95, 'epsilon': 0.2, 'epsilon_step': 0.01}",,399,12,0.4,-45.09999999999981,0.08477354049682617,"['right', 'right', 'up', 'up', 'up', 'left', 'up', 'up', 'up', 'right', 'right', 'right', 'right']",4.311802391981914,0.11977228866616427
400,"Qlearntab_Language_{'alpha': 0.05, 'gamma': 0.95, 'epsilon': 0.2, 'epsilon_step': 0.01}",,400,6,0.7,-44.39999999999981,0.0608372688293457,"['up', 'left', 'up', 'left', 'right', 'right', 'right']",0.01903336860401169,0.0005598049589415203
401,"Qlearntab_Language_{'alpha': 0.05, 'gamma': 0.95, 'epsilon': 0.2, 'epsilon_step': 0.01}",,401,0,-1.0,-45.39999999999981,0.008976221084594727,['left'],-0.022615344777307818,-0.0006651571993325829
402,"Qlearntab_Language_{'alpha': 0.05, 'gamma': 0.95, 'epsilon': 0.2, 'epsilon_step': 0.01}",,402,0,-1.0,-46.39999999999981,0.007978200912475586,['left'],-0.062181622489561335,-0.0018288712496929804
403,"Qlearntab_Language_{'alpha': 0.05, 'gamma': 0.95, 'epsilon': 0.2, 'epsilon_step': 0.01}",,403,20,-2.0,-48.39999999999981,0.1406235694885254,"['left', 'left', 'left', 'up', 'left', 'left', 'up', 'down', 'right', 'up', 'down', 'right', 'right', 'left', 'up', 'left', 'left', 'up', 'up', 'up', 'left']",-0.10329056302827322,-0.003037957736125683
404,"Qlearntab_Language_{'alpha': 0.05, 'gamma': 0.95, 'epsilon': 0.2, 'epsilon_step': 0.01}",,404,0,-1.0,-49.39999999999981,0.006982326507568359,['left'],-0.14038459873008657,-0.004128958786179017
405,"Qlearntab_Language_{'alpha': 0.05, 'gamma': 0.95, 'epsilon': 0.2, 'epsilon_step': 0.01}",,405,1,0.95,-48.449999999999804,0.013962745666503906,"['left', 'right']",-0.07989396008596239,-0.002349822355469482
406,"Qlearntab_Language_{'alpha': 0.05, 'gamma': 0.95, 'epsilon': 0.2, 'epsilon_step': 0.01}",,406,3,0.85,-47.5999999999998,0.029920578002929688,"['left', 'left', 'right', 'right']",0.00754765610249309,0.00022198988536744382
407,"Qlearntab_Language_{'alpha': 0.05, 'gamma': 0.95, 'epsilon': 0.2, 'epsilon_step': 0.01}",,407,8,-1.4,-48.9999999999998,0.05983924865722656,"['left', 'down', 'left', 'left', 'left', 'right', 'right', 'right', 'left']",-0.04799287743426606,-0.001411555218654884
408,"Qlearntab_Language_{'alpha': 0.05, 'gamma': 0.95, 'epsilon': 0.2, 'epsilon_step': 0.01}",,408,2,-1.1,-50.0999999999998,0.021941423416137695,"['left', 'up', 'left']",-0.08141737280697954,-0.0023946286119699866
409,"Qlearntab_Language_{'alpha': 0.05, 'gamma': 0.95, 'epsilon': 0.2, 'epsilon_step': 0.01}",,409,1,0.95,-49.1499999999998,0.015956878662109375,"['left', 'right']",-0.024201755794130045,-0.0007118163468861778
