,Repeat,agent,opponent,episode,num_actions,episode_reward,cumulative_reward,time_per_episode,action_history,q_total,q_mean
0,2,"Qlearntab_Language_{'alpha': 0.05, 'gamma': 0.95, 'epsilon': 0.2, 'epsilon_step': 0.01}",,0,21,-2.0500000000000003,-2.0500000000000003,0.1466081142425537,"['right', 'up', 'left', 'left', 'down', 'right', 'down', 'right', 'left', 'right', 'up', 'down', 'down', 'down', 'down', 'down', 'up', 'up', 'right', 'right', 'right', 'left']",-0.10246784375000002,-0.0064042402343750015
1,2,"Qlearntab_Language_{'alpha': 0.05, 'gamma': 0.95, 'epsilon': 0.2, 'epsilon_step': 0.01}",,1,1,0.95,-1.1000000000000003,0.010970830917358398,"['right', 'right']",-0.05496159375000002,-0.0032330349264705896
2,2,"Qlearntab_Language_{'alpha': 0.05, 'gamma': 0.95, 'epsilon': 0.2, 'epsilon_step': 0.01}",,2,10,0.5,-0.6000000000000003,0.06781792640686035,"['up', 'up', 'down', 'down', 'left', 'down', 'right', 'down', 'down', 'right', 'right']",-0.029662293789062544,-0.0014831146894531272
3,2,"Qlearntab_Language_{'alpha': 0.05, 'gamma': 0.95, 'epsilon': 0.2, 'epsilon_step': 0.01}",,3,18,0.09999999999999976,-0.5000000000000006,0.11469316482543945,"['down', 'left', 'left', 'left', 'up', 'down', 'right', 'up', 'up', 'down', 'up', 'up', 'down', 'up', 'up', 'right', 'down', 'right', 'right']",-0.021005731873725633,-0.000954805994260256
4,2,"Qlearntab_Language_{'alpha': 0.05, 'gamma': 0.95, 'epsilon': 0.2, 'epsilon_step': 0.01}",,4,10,0.5,-5.551115123125783e-16,0.06782054901123047,"['left', 'down', 'left', 'left', 'up', 'right', 'up', 'up', 'left', 'right', 'right']",0.005156289180961872,0.00023437678095281235
5,2,"Qlearntab_Language_{'alpha': 0.05, 'gamma': 0.95, 'epsilon': 0.2, 'epsilon_step': 0.01}",,5,1,0.95,0.9499999999999994,0.011965513229370117,"['right', 'right']",0.05209730250127437,0.0023680592046033803
6,2,"Qlearntab_Language_{'alpha': 0.05, 'gamma': 0.95, 'epsilon': 0.2, 'epsilon_step': 0.01}",,6,1,0.95,1.8999999999999995,0.013962507247924805,"['right', 'right']",0.09862571749932127,0.004482987159060058
7,2,"Qlearntab_Language_{'alpha': 0.05, 'gamma': 0.95, 'epsilon': 0.2, 'epsilon_step': 0.01}",,7,1,0.95,2.8499999999999996,0.01296377182006836,"['right', 'right']",0.14466544147402832,0.006575701885183105
8,2,"Qlearntab_Language_{'alpha': 0.05, 'gamma': 0.95, 'epsilon': 0.2, 'epsilon_step': 0.01}",,8,20,-2.0,0.8499999999999996,0.12765884399414062,"['right', 'down', 'down', 'left', 'down', 'left', 'up', 'down', 'up', 'down', 'left', 'down', 'left', 'down', 'right', 'left', 'right', 'right', 'right', 'up', 'up']",0.04458203759316892,0.00171469375358342
9,2,"Qlearntab_Language_{'alpha': 0.05, 'gamma': 0.95, 'epsilon': 0.2, 'epsilon_step': 0.01}",,9,1,0.95,1.7999999999999996,0.011968851089477539,"['right', 'right']",0.09026559187682637,0.003471753533724091
10,2,"Qlearntab_Language_{'alpha': 0.05, 'gamma': 0.95, 'epsilon': 0.2, 'epsilon_step': 0.01}",,10,2,0.9,2.6999999999999997,0.020945072174072266,"['right', 'right', 'right']",0.13287248991157366,0.005110480381214371
11,2,"Qlearntab_Language_{'alpha': 0.05, 'gamma': 0.95, 'epsilon': 0.2, 'epsilon_step': 0.01}",,11,2,0.9,3.5999999999999996,0.02193927764892578,"['right', 'right', 'right']",0.17490225636227813,0.00672700986008762
12,2,"Qlearntab_Language_{'alpha': 0.05, 'gamma': 0.95, 'epsilon': 0.2, 'epsilon_step': 0.01}",,12,1,0.95,4.55,0.015956878662109375,"['right', 'right']",0.21880081665811027,0.008415416025311933
13,2,"Qlearntab_Language_{'alpha': 0.05, 'gamma': 0.95, 'epsilon': 0.2, 'epsilon_step': 0.01}",,13,1,0.95,5.5,0.0139617919921875,"['right', 'right']",0.261926449169842,0.010074094198840077
14,2,"Qlearntab_Language_{'alpha': 0.05, 'gamma': 0.95, 'epsilon': 0.2, 'epsilon_step': 0.01}",,14,2,0.9,6.4,0.01794910430908203,"['right', 'up', 'right']",0.3237045961111684,0.012450176773506478
15,2,"Qlearntab_Language_{'alpha': 0.05, 'gamma': 0.95, 'epsilon': 0.2, 'epsilon_step': 0.01}",,15,1,0.95,7.3500000000000005,0.012964487075805664,"['right', 'right']",0.36519218986940377,0.014045853456515529
16,2,"Qlearntab_Language_{'alpha': 0.05, 'gamma': 0.95, 'epsilon': 0.2, 'epsilon_step': 0.01}",,16,1,0.95,8.3,0.010970354080200195,"['right', 'right']",0.40582459138751614,0.015608638130289083
17,2,"Qlearntab_Language_{'alpha': 0.05, 'gamma': 0.95, 'epsilon': 0.2, 'epsilon_step': 0.01}",,17,3,0.85,9.15,0.025931119918823242,"['right', 'right', 'right', 'right']",0.44042303165839275,0.016939347371476645
18,2,"Qlearntab_Language_{'alpha': 0.05, 'gamma': 0.95, 'epsilon': 0.2, 'epsilon_step': 0.01}",,18,3,0.85,10.0,0.022937774658203125,"['right', 'up', 'up', 'right']",0.5250582598737985,0.020194548456684558
19,2,"Qlearntab_Language_{'alpha': 0.05, 'gamma': 0.95, 'epsilon': 0.2, 'epsilon_step': 0.01}",,19,1,0.95,10.95,0.012965202331542969,"['right', 'right']",0.56344364866797,0.021670909564152692
20,2,"Qlearntab_Language_{'alpha': 0.05, 'gamma': 0.95, 'epsilon': 0.2, 'epsilon_step': 0.01}",,20,2,0.9,11.85,0.016954898834228516,"['right', 'up', 'right']",0.623920735276406,0.023996951356784847
21,2,"Qlearntab_Language_{'alpha': 0.05, 'gamma': 0.95, 'epsilon': 0.2, 'epsilon_step': 0.01}",,21,1,0.95,12.799999999999999,0.012965679168701172,"['right', 'right']",0.6604503166758223,0.025401935256762397
22,2,"Qlearntab_Language_{'alpha': 0.05, 'gamma': 0.95, 'epsilon': 0.2, 'epsilon_step': 0.01}",,22,1,0.95,13.749999999999998,0.0139617919921875,"['right', 'right']",0.6960496338112891,0.026771139761972658
23,2,"Qlearntab_Language_{'alpha': 0.05, 'gamma': 0.95, 'epsilon': 0.2, 'epsilon_step': 0.01}",,23,3,0.85,14.599999999999998,0.02493429183959961,"['left', 'right', 'right', 'right']",0.7368384343040683,0.0283399397809257
24,2,"Qlearntab_Language_{'alpha': 0.05, 'gamma': 0.95, 'epsilon': 0.2, 'epsilon_step': 0.01}",,24,1,0.95,15.549999999999997,0.012962818145751953,"['right', 'right']",0.7705844857436956,0.029637864836295987
25,2,"Qlearntab_Language_{'alpha': 0.05, 'gamma': 0.95, 'epsilon': 0.2, 'epsilon_step': 0.01}",,25,1,0.95,16.499999999999996,0.013963460922241211,"['right', 'right']",0.8034116267806541,0.03090044718387131
26,2,"Qlearntab_Language_{'alpha': 0.05, 'gamma': 0.95, 'epsilon': 0.2, 'epsilon_step': 0.01}",,26,1,0.95,17.449999999999996,0.010969400405883789,"['right', 'right']",0.8353273833266117,0.03212797628179276
27,2,"Qlearntab_Language_{'alpha': 0.05, 'gamma': 0.95, 'epsilon': 0.2, 'epsilon_step': 0.01}",,27,1,0.95,18.399999999999995,0.011967897415161133,"['right', 'right']",0.8663408259780759,0.03332080099915677
28,2,"Qlearntab_Language_{'alpha': 0.05, 'gamma': 0.95, 'epsilon': 0.2, 'epsilon_step': 0.01}",,28,8,0.6000000000000001,18.999999999999996,0.055849313735961914,"['right', 'up', 'down', 'left', 'right', 'down', 'right', 'down', 'right']",0.9447268174209782,0.031490893914032606
29,2,"Qlearntab_Language_{'alpha': 0.05, 'gamma': 0.95, 'epsilon': 0.2, 'epsilon_step': 0.01}",,29,1,0.95,19.949999999999996,0.012965202331542969,"['right', 'right']",0.973968169862637,0.0324656056620879
30,2,"Qlearntab_Language_{'alpha': 0.05, 'gamma': 0.95, 'epsilon': 0.2, 'epsilon_step': 0.01}",,30,2,0.9,20.849999999999994,0.019946575164794922,"['down', 'right', 'right']",1.0166826544417542,0.03388942181472514
31,2,"Qlearntab_Language_{'alpha': 0.05, 'gamma': 0.95, 'epsilon': 0.2, 'epsilon_step': 0.01}",,31,1,0.95,21.799999999999994,0.01595759391784668,"['right', 'right']",1.044202652725314,0.034806755090843806
32,2,"Qlearntab_Language_{'alpha': 0.05, 'gamma': 0.95, 'epsilon': 0.2, 'epsilon_step': 0.01}",,32,1,0.95,22.749999999999993,0.013961553573608398,"['right', 'right']",1.0708832480045534,0.035696108266818447
33,2,"Qlearntab_Language_{'alpha': 0.05, 'gamma': 0.95, 'epsilon': 0.2, 'epsilon_step': 0.01}",,33,1,0.95,23.699999999999992,0.011968612670898438,"['right', 'right']",1.096739580584195,0.03655798601947317
34,2,"Qlearntab_Language_{'alpha': 0.05, 'gamma': 0.95, 'epsilon': 0.2, 'epsilon_step': 0.01}",,34,1,0.95,24.64999999999999,0.0139617919921875,"['right', 'right']",1.1217873752460008,0.037392912508200024
35,2,"Qlearntab_Language_{'alpha': 0.05, 'gamma': 0.95, 'epsilon': 0.2, 'epsilon_step': 0.01}",,35,1,0.95,25.59999999999999,0.013962030410766602,"['right', 'right']",1.1460428449503055,0.03820142816501018
36,2,"Qlearntab_Language_{'alpha': 0.05, 'gamma': 0.95, 'epsilon': 0.2, 'epsilon_step': 0.01}",,36,1,0.95,26.54999999999999,0.015957355499267578,"['right', 'right']",1.1695226027062042,0.038984086756873475
37,2,"Qlearntab_Language_{'alpha': 0.05, 'gamma': 0.95, 'epsilon': 0.2, 'epsilon_step': 0.01}",,37,1,0.95,27.49999999999999,0.01495981216430664,"['left', 'right']",1.2155344185861412,0.04051781395287137
38,2,"Qlearntab_Language_{'alpha': 0.05, 'gamma': 0.95, 'epsilon': 0.2, 'epsilon_step': 0.01}",,38,2,0.9,28.399999999999988,0.019945621490478516,"['down', 'right', 'right']",1.257058076614197,0.0419019358871399
39,2,"Qlearntab_Language_{'alpha': 0.05, 'gamma': 0.95, 'epsilon': 0.2, 'epsilon_step': 0.01}",,39,1,0.95,29.349999999999987,0.011966943740844727,"['right', 'right']",1.2789980092591398,0.04263326697530466
40,2,"Qlearntab_Language_{'alpha': 0.05, 'gamma': 0.95, 'epsilon': 0.2, 'epsilon_step': 0.01}",,40,1,0.95,30.299999999999986,0.012965202331542969,"['right', 'right']",1.3001969346252014,0.043339897820840044
41,2,"Qlearntab_Language_{'alpha': 0.05, 'gamma': 0.95, 'epsilon': 0.2, 'epsilon_step': 0.01}",,41,1,0.95,31.249999999999986,0.011968135833740234,"['right', 'right']",1.3206741036086576,0.044022470120288586
42,2,"Qlearntab_Language_{'alpha': 0.05, 'gamma': 0.95, 'epsilon': 0.2, 'epsilon_step': 0.01}",,42,3,0.85,32.09999999999999,0.026928424835205078,"['up', 'up', 'right', 'right']",1.3836272093060245,0.04612090697686748
43,2,"Qlearntab_Language_{'alpha': 0.05, 'gamma': 0.95, 'epsilon': 0.2, 'epsilon_step': 0.01}",,43,1,0.95,33.04999999999999,0.011967897415161133,"['right', 'right']",1.4027182870572779,0.0467572762352426
44,2,"Qlearntab_Language_{'alpha': 0.05, 'gamma': 0.95, 'epsilon': 0.2, 'epsilon_step': 0.01}",,44,1,0.95,33.99999999999999,0.012965917587280273,"['right', 'right']",1.4211447664742187,0.04737149221580729
45,2,"Qlearntab_Language_{'alpha': 0.05, 'gamma': 0.95, 'epsilon': 0.2, 'epsilon_step': 0.01}",,45,1,0.95,34.949999999999996,0.012964725494384766,"['right', 'right']",1.4389253796958998,0.04796417932319666
46,2,"Qlearntab_Language_{'alpha': 0.05, 'gamma': 0.95, 'epsilon': 0.2, 'epsilon_step': 0.01}",,46,2,0.9,35.849999999999994,0.020942211151123047,"['left', 'right', 'right']",1.478992868796678,0.0492997622932226
47,2,"Qlearntab_Language_{'alpha': 0.05, 'gamma': 0.95, 'epsilon': 0.2, 'epsilon_step': 0.01}",,47,1,0.95,36.8,0.012965917587280273,"['right', 'right']",1.4955370735141809,0.04985123578380603
48,2,"Qlearntab_Language_{'alpha': 0.05, 'gamma': 0.95, 'epsilon': 0.2, 'epsilon_step': 0.01}",,48,5,0.75,37.55,0.03889608383178711,"['right', 'down', 'down', 'down', 'down', 'right']",1.5446697118142796,0.05148899039380932
49,2,"Qlearntab_Language_{'alpha': 0.05, 'gamma': 0.95, 'epsilon': 0.2, 'epsilon_step': 0.01}",,49,1,0.95,38.5,0.013962507247924805,"['right', 'right']",1.56004958073148,0.05200165269104933
50,2,"Qlearntab_Language_{'alpha': 0.05, 'gamma': 0.95, 'epsilon': 0.2, 'epsilon_step': 0.01}",,50,2,0.9,39.4,0.02094292640686035,"['right', 'right', 'right']",1.571055116763545,0.05236850389211816
51,2,"Qlearntab_Language_{'alpha': 0.05, 'gamma': 0.95, 'epsilon': 0.2, 'epsilon_step': 0.01}",,51,2,0.9,40.3,0.02393627166748047,"['up', 'right', 'right']",1.6104358380298893,0.05368119460099631
52,2,"Qlearntab_Language_{'alpha': 0.05, 'gamma': 0.95, 'epsilon': 0.2, 'epsilon_step': 0.01}",,52,1,0.95,41.25,0.013961553573608398,"['right', 'right']",1.6243806184195673,0.054146020613985574
53,2,"Qlearntab_Language_{'alpha': 0.05, 'gamma': 0.95, 'epsilon': 0.2, 'epsilon_step': 0.01}",,53,1,0.95,42.2,0.01296544075012207,"['right', 'right']",1.6378109041060438,0.05459369680353479
54,2,"Qlearntab_Language_{'alpha': 0.05, 'gamma': 0.95, 'epsilon': 0.2, 'epsilon_step': 0.01}",,54,1,0.95,43.150000000000006,0.012964963912963867,"['up', 'right']",1.6799538339713473,0.05599846113237825
55,2,"Qlearntab_Language_{'alpha': 0.05, 'gamma': 0.95, 'epsilon': 0.2, 'epsilon_step': 0.01}",,55,2,0.9,44.050000000000004,0.01894998550415039,"['down', 'right', 'right']",1.7198294487784305,0.05732764829261435
56,2,"Qlearntab_Language_{'alpha': 0.05, 'gamma': 0.95, 'epsilon': 0.2, 'epsilon_step': 0.01}",,56,1,0.95,45.00000000000001,0.013963460922241211,"['right', 'right']",1.7322636424268203,0.05774212141422734
57,2,"Qlearntab_Language_{'alpha': 0.05, 'gamma': 0.95, 'epsilon': 0.2, 'epsilon_step': 0.01}",,57,1,0.95,45.95000000000001,0.013961076736450195,"['right', 'right']",1.7442249727805543,0.05814083242601848
58,2,"Qlearntab_Language_{'alpha': 0.05, 'gamma': 0.95, 'epsilon': 0.2, 'epsilon_step': 0.01}",,58,1,0.95,46.90000000000001,0.013961076736450195,"['right', 'right']",1.7557296406849772,0.058524321356165906
59,2,"Qlearntab_Language_{'alpha': 0.05, 'gamma': 0.95, 'epsilon': 0.2, 'epsilon_step': 0.01}",,59,1,0.95,47.850000000000016,0.014959573745727539,"['right', 'right']",1.7667934090591357,0.05889311363530452
60,2,"Qlearntab_Language_{'alpha': 0.05, 'gamma': 0.95, 'epsilon': 0.2, 'epsilon_step': 0.01}",,60,1,0.95,48.80000000000002,0.01396322250366211,"['right', 'right']",1.7774316061862954,0.059247720206209845
61,2,"Qlearntab_Language_{'alpha': 0.05, 'gamma': 0.95, 'epsilon': 0.2, 'epsilon_step': 0.01}",,61,1,0.95,49.75000000000002,0.0139617919921875,"['right', 'right']",1.7876591297702205,0.05958863765900735
62,2,"Qlearntab_Language_{'alpha': 0.05, 'gamma': 0.95, 'epsilon': 0.2, 'epsilon_step': 0.01}",,62,1,0.95,50.700000000000024,0.013962507247924805,"['right', 'right']",1.797490451672417,0.05991634838908057
63,2,"Qlearntab_Language_{'alpha': 0.05, 'gamma': 0.95, 'epsilon': 0.2, 'epsilon_step': 0.01}",,63,3,0.85,51.550000000000026,0.0249326229095459,"['right', 'down', 'down', 'right']",1.8473749347249824,0.06157916449083275
64,2,"Qlearntab_Language_{'alpha': 0.05, 'gamma': 0.95, 'epsilon': 0.2, 'epsilon_step': 0.01}",,64,1,0.95,52.50000000000003,0.01196742057800293,"['right', 'right']",1.856455592709643,0.06188185309032144
65,2,"Qlearntab_Language_{'alpha': 0.05, 'gamma': 0.95, 'epsilon': 0.2, 'epsilon_step': 0.01}",,65,1,0.95,53.45000000000003,0.013962030410766602,"['right', 'right']",1.865180965529837,0.062172698850994565
66,2,"Qlearntab_Language_{'alpha': 0.05, 'gamma': 0.95, 'epsilon': 0.2, 'epsilon_step': 0.01}",,66,1,0.95,54.400000000000034,0.012964725494384766,"['right', 'right']",1.873563880057049,0.06245212933523497
67,2,"Qlearntab_Language_{'alpha': 0.05, 'gamma': 0.95, 'epsilon': 0.2, 'epsilon_step': 0.01}",,67,1,0.95,55.35000000000004,0.011968135833740234,"['right', 'right']",1.8816167686885268,0.06272055895628423
68,2,"Qlearntab_Language_{'alpha': 0.05, 'gamma': 0.95, 'epsilon': 0.2, 'epsilon_step': 0.01}",,68,3,0.85,56.20000000000004,0.02792501449584961,"['left', 'right', 'right', 'right']",1.9173885503039325,0.06391295167679775
69,2,"Qlearntab_Language_{'alpha': 0.05, 'gamma': 0.95, 'epsilon': 0.2, 'epsilon_step': 0.01}",,69,1,0.95,57.15000000000004,0.013962745666503906,"['right', 'right']",1.924817143588122,0.0641605714529374
70,2,"Qlearntab_Language_{'alpha': 0.05, 'gamma': 0.95, 'epsilon': 0.2, 'epsilon_step': 0.01}",,70,1,0.95,58.100000000000044,0.013961076736450195,"['right', 'right']",1.931950716322885,0.06439835721076284
71,2,"Qlearntab_Language_{'alpha': 0.05, 'gamma': 0.95, 'epsilon': 0.2, 'epsilon_step': 0.01}",,71,1,0.95,59.05000000000005,0.012963294982910156,"['right', 'right']",1.9388001990799544,0.06462667330266515
72,2,"Qlearntab_Language_{'alpha': 0.05, 'gamma': 0.95, 'epsilon': 0.2, 'epsilon_step': 0.01}",,72,1,0.95,60.00000000000005,0.012966632843017578,"['right', 'right']",1.945376166925262,0.06484587223084207
73,2,"Qlearntab_Language_{'alpha': 0.05, 'gamma': 0.95, 'epsilon': 0.2, 'epsilon_step': 0.01}",,73,1,0.95,60.95000000000005,0.012965679168701172,"['down', 'right']",1.987916831848606,0.06626389439495353
74,2,"Qlearntab_Language_{'alpha': 0.05, 'gamma': 0.95, 'epsilon': 0.2, 'epsilon_step': 0.01}",,74,1,0.95,61.900000000000055,0.012964963912963867,"['right', 'right']",1.9942262370031965,0.06647420790010655
75,2,"Qlearntab_Language_{'alpha': 0.05, 'gamma': 0.95, 'epsilon': 0.2, 'epsilon_step': 0.01}",,75,1,0.95,62.85000000000006,0.05285930633544922,"['right', 'right']",2.000279295816528,0.0666759765272176
76,2,"Qlearntab_Language_{'alpha': 0.05, 'gamma': 0.95, 'epsilon': 0.2, 'epsilon_step': 0.01}",,76,2,0.9,63.75000000000006,0.01595616340637207,"['right', 'up', 'right']",2.0443425222030185,0.06814475074010061
77,2,"Qlearntab_Language_{'alpha': 0.05, 'gamma': 0.95, 'epsilon': 0.2, 'epsilon_step': 0.01}",,77,1,0.95,64.70000000000006,0.012965679168701172,"['right', 'right']",2.0499121264512796,0.06833040421504265
78,2,"Qlearntab_Language_{'alpha': 0.05, 'gamma': 0.95, 'epsilon': 0.2, 'epsilon_step': 0.01}",,78,1,0.95,65.65000000000006,0.013962745666503906,"['right', 'right']",2.0552539418550113,0.06850846472850038
79,2,"Qlearntab_Language_{'alpha': 0.05, 'gamma': 0.95, 'epsilon': 0.2, 'epsilon_step': 0.01}",,79,1,0.95,66.60000000000007,0.012964248657226562,"['right', 'right']",2.0603768232880464,0.06867922744293488
80,2,"Qlearntab_Language_{'alpha': 0.05, 'gamma': 0.95, 'epsilon': 0.2, 'epsilon_step': 0.01}",,80,1,0.95,67.55000000000007,0.013962030410766602,"['right', 'right']",2.065289309608945,0.06884297698696483
81,2,"Qlearntab_Language_{'alpha': 0.05, 'gamma': 0.95, 'epsilon': 0.2, 'epsilon_step': 0.01}",,81,1,0.95,68.50000000000007,0.01296544075012207,"['right', 'right']",2.069999633125338,0.06899998777084461
82,2,"Qlearntab_Language_{'alpha': 0.05, 'gamma': 0.95, 'epsilon': 0.2, 'epsilon_step': 0.01}",,82,1,0.95,69.45000000000007,0.01196742057800293,"['right', 'right']",2.0745157289018743,0.06915052429672915
83,2,"Qlearntab_Language_{'alpha': 0.05, 'gamma': 0.95, 'epsilon': 0.2, 'epsilon_step': 0.01}",,83,1,0.95,70.40000000000008,0.010970354080200195,"['right', 'right']",2.078845243903748,0.06929484146345827
84,2,"Qlearntab_Language_{'alpha': 0.05, 'gamma': 0.95, 'epsilon': 0.2, 'epsilon_step': 0.01}",,84,2,0.9,71.30000000000008,0.02094435691833496,"['right', 'right', 'right']",2.078678415333444,0.0692892805111148
85,2,"Qlearntab_Language_{'alpha': 0.05, 'gamma': 0.95, 'epsilon': 0.2, 'epsilon_step': 0.01}",,85,1,0.95,72.25000000000009,0.012965679168701172,"['right', 'right']",2.0828724584999785,0.06942908194999928
86,2,"Qlearntab_Language_{'alpha': 0.05, 'gamma': 0.95, 'epsilon': 0.2, 'epsilon_step': 0.01}",,86,1,0.95,73.20000000000009,0.013961315155029297,"['right', 'right']",2.0868904291973305,0.06956301430657769
87,2,"Qlearntab_Language_{'alpha': 0.05, 'gamma': 0.95, 'epsilon': 0.2, 'epsilon_step': 0.01}",,87,1,0.95,74.15000000000009,0.013962268829345703,"['right', 'right']",2.0907394495645018,0.0696913149854834
88,2,"Qlearntab_Language_{'alpha': 0.05, 'gamma': 0.95, 'epsilon': 0.2, 'epsilon_step': 0.01}",,88,1,0.95,75.1000000000001,0.010969877243041992,"['right', 'right']",2.094426369707768,0.06981421232359226
89,2,"Qlearntab_Language_{'alpha': 0.05, 'gamma': 0.95, 'epsilon': 0.2, 'epsilon_step': 0.01}",,89,5,0.75,75.8500000000001,0.03989291191101074,"['right', 'up', 'right', 'left', 'right', 'right']",2.165364393756895,0.07217881312522983
90,2,"Qlearntab_Language_{'alpha': 0.05, 'gamma': 0.95, 'epsilon': 0.2, 'epsilon_step': 0.01}",,90,1,0.95,76.8000000000001,0.011966466903686523,"['right', 'right']",2.168812713178214,0.07229375710594046
91,2,"Qlearntab_Language_{'alpha': 0.05, 'gamma': 0.95, 'epsilon': 0.2, 'epsilon_step': 0.01}",,91,1,0.95,77.7500000000001,0.014959335327148438,"['right', 'right']",2.1721146386408603,0.07240382128802868
92,2,"Qlearntab_Language_{'alpha': 0.05, 'gamma': 0.95, 'epsilon': 0.2, 'epsilon_step': 0.01}",,92,1,0.95,78.7000000000001,0.015956640243530273,"['right', 'right']",2.175276188742149,0.07250920629140496
93,2,"Qlearntab_Language_{'alpha': 0.05, 'gamma': 0.95, 'epsilon': 0.2, 'epsilon_step': 0.01}",,93,1,0.95,79.6500000000001,0.016955137252807617,"['right', 'right']",2.1783031462045583,0.07261010487348528
94,2,"Qlearntab_Language_{'alpha': 0.05, 'gamma': 0.95, 'epsilon': 0.2, 'epsilon_step': 0.01}",,94,1,0.95,80.60000000000011,0.011968135833740234,"['right', 'right']",2.1812010664167234,0.07270670221389078
95,2,"Qlearntab_Language_{'alpha': 0.05, 'gamma': 0.95, 'epsilon': 0.2, 'epsilon_step': 0.01}",,95,1,0.95,81.55000000000011,0.011969327926635742,"['right', 'right']",2.1839752857100123,0.07279917619033374
96,2,"Qlearntab_Language_{'alpha': 0.05, 'gamma': 0.95, 'epsilon': 0.2, 'epsilon_step': 0.01}",,96,15,0.2499999999999999,81.80000000000011,0.09474468231201172,"['left', 'right', 'right', 'up', 'up', 'right', 'up', 'left', 'right', 'right', 'right', 'left', 'up', 'down', 'down', 'right']",2.193327911585645,0.0707525132769563
97,2,"Qlearntab_Language_{'alpha': 0.05, 'gamma': 0.95, 'epsilon': 0.2, 'epsilon_step': 0.01}",,97,1,0.95,82.75000000000011,0.010969161987304688,"['right', 'right']",2.195982548484558,0.07083814672530833
98,2,"Qlearntab_Language_{'alpha': 0.05, 'gamma': 0.95, 'epsilon': 0.2, 'epsilon_step': 0.01}",,98,1,0.95,83.70000000000012,0.01196742057800293,"['right', 'right']",2.198522625680299,0.07092008469936449
99,2,"Qlearntab_Language_{'alpha': 0.05, 'gamma': 0.95, 'epsilon': 0.2, 'epsilon_step': 0.01}",,99,1,0.95,84.65000000000012,0.01396322250366211,"['right', 'right']",2.2009529625509394,0.07099848266293353
100,2,"Qlearntab_Language_{'alpha': 0.05, 'gamma': 0.95, 'epsilon': 0.2, 'epsilon_step': 0.01}",,100,1,0.95,85.60000000000012,0.01396322250366211,"['right', 'right']",2.203278182935998,0.07107348977212896
101,2,"Qlearntab_Language_{'alpha': 0.05, 'gamma': 0.95, 'epsilon': 0.2, 'epsilon_step': 0.01}",,101,1,0.95,86.55000000000013,0.015956640243530273,"['right', 'right']",2.2055027226418575,0.07114524911747927
102,2,"Qlearntab_Language_{'alpha': 0.05, 'gamma': 0.95, 'epsilon': 0.2, 'epsilon_step': 0.01}",,102,1,0.95,87.50000000000013,0.014959573745727539,"['right', 'right']",2.2076308366854747,0.07121389795759596
103,2,"Qlearntab_Language_{'alpha': 0.05, 'gamma': 0.95, 'epsilon': 0.2, 'epsilon_step': 0.01}",,103,1,0.95,88.45000000000013,0.015956401824951172,"['right', 'right']",2.2096666062838093,0.07127956794463901
104,2,"Qlearntab_Language_{'alpha': 0.05, 'gamma': 0.95, 'epsilon': 0.2, 'epsilon_step': 0.01}",,104,6,-1.3,87.15000000000013,0.05584907531738281,"['right', 'up', 'down', 'down', 'left', 'up', 'down']",2.19473051052591,0.0707977584040616
105,2,"Qlearntab_Language_{'alpha': 0.05, 'gamma': 0.95, 'epsilon': 0.2, 'epsilon_step': 0.01}",,105,1,0.95,88.10000000000014,0.01296544075012207,"['right', 'right']",2.196593841066811,0.07085786584086487
106,2,"Qlearntab_Language_{'alpha': 0.05, 'gamma': 0.95, 'epsilon': 0.2, 'epsilon_step': 0.01}",,106,1,0.95,89.05000000000014,0.012965202331542969,"['right', 'right']",2.1983766953650177,0.07091537726983928
107,2,"Qlearntab_Language_{'alpha': 0.05, 'gamma': 0.95, 'epsilon': 0.2, 'epsilon_step': 0.01}",,107,1,0.95,90.00000000000014,0.011968135833740234,"['right', 'right']",2.200082462718447,0.07097040202317571
108,2,"Qlearntab_Language_{'alpha': 0.05, 'gamma': 0.95, 'epsilon': 0.2, 'epsilon_step': 0.01}",,108,5,0.75,90.75000000000014,0.04089021682739258,"['right', 'up', 'right', 'right', 'up', 'right']",2.2298340807151,0.07193013163597096
109,2,"Qlearntab_Language_{'alpha': 0.05, 'gamma': 0.95, 'epsilon': 0.2, 'epsilon_step': 0.01}",,109,3,0.85,91.60000000000014,0.023936986923217773,"['right', 'left', 'right', 'right']",2.2720002234381105,0.07329032978832614
110,2,"Qlearntab_Language_{'alpha': 0.05, 'gamma': 0.95, 'epsilon': 0.2, 'epsilon_step': 0.01}",,110,1,0.95,92.55000000000014,0.010970830917358398,"['right', 'right']",2.27533046618743,0.07339775697378806
111,2,"Qlearntab_Language_{'alpha': 0.05, 'gamma': 0.95, 'epsilon': 0.2, 'epsilon_step': 0.01}",,111,3,0.85,93.40000000000013,0.02293682098388672,"['left', 'right', 'right', 'right']",2.3110283230617217,0.0745493007439265
112,2,"Qlearntab_Language_{'alpha': 0.05, 'gamma': 0.95, 'epsilon': 0.2, 'epsilon_step': 0.01}",,112,1,0.95,94.35000000000014,0.011968851089477539,"['right', 'right']",2.314052524193214,0.07464685561913594
113,2,"Qlearntab_Language_{'alpha': 0.05, 'gamma': 0.95, 'epsilon': 0.2, 'epsilon_step': 0.01}",,113,1,0.95,95.30000000000014,0.011968851089477539,"['right', 'right']",2.3169343773669917,0.07473981862474167
114,2,"Qlearntab_Language_{'alpha': 0.05, 'gamma': 0.95, 'epsilon': 0.2, 'epsilon_step': 0.01}",,114,1,0.95,96.25000000000014,0.012965202331542969,"['right', 'right']",2.3196805568759977,0.07482840506051605
115,2,"Qlearntab_Language_{'alpha': 0.05, 'gamma': 0.95, 'epsilon': 0.2, 'epsilon_step': 0.01}",,115,1,0.95,97.20000000000014,0.011967897415161133,"['right', 'right']",2.3222974254537747,0.07491282017592822
116,2,"Qlearntab_Language_{'alpha': 0.05, 'gamma': 0.95, 'epsilon': 0.2, 'epsilon_step': 0.01}",,116,3,0.85,98.05000000000014,0.022938251495361328,"['right', 'left', 'right', 'right']",2.3615355987236946,0.07617856770076434
117,2,"Qlearntab_Language_{'alpha': 0.05, 'gamma': 0.95, 'epsilon': 0.2, 'epsilon_step': 0.01}",,117,1,0.95,99.00000000000014,0.01096963882446289,"['right', 'right']",2.36380053021355,0.0762516300068887
118,2,"Qlearntab_Language_{'alpha': 0.05, 'gamma': 0.95, 'epsilon': 0.2, 'epsilon_step': 0.01}",,118,1,0.95,99.95000000000014,0.011967658996582031,"['right', 'right']",2.3659590724520765,0.07632126040167989
119,2,"Qlearntab_Language_{'alpha': 0.05, 'gamma': 0.95, 'epsilon': 0.2, 'epsilon_step': 0.01}",,119,1,0.95,100.90000000000015,0.011966466903686523,"['right', 'right']",2.368016202035683,0.07638761942050591
120,2,"Qlearntab_Language_{'alpha': 0.05, 'gamma': 0.95, 'epsilon': 0.2, 'epsilon_step': 0.01}",,120,1,0.95,101.85000000000015,0.012963533401489258,"['right', 'right']",2.3699766638742648,0.07645086012497629
121,2,"Qlearntab_Language_{'alpha': 0.05, 'gamma': 0.95, 'epsilon': 0.2, 'epsilon_step': 0.01}",,121,1,0.95,102.80000000000015,0.011968374252319336,"['right', 'right']",2.3718449819183656,0.07651112844897953
122,2,"Qlearntab_Language_{'alpha': 0.05, 'gamma': 0.95, 'epsilon': 0.2, 'epsilon_step': 0.01}",,122,3,0.85,103.65000000000015,0.02493429183959961,"['left', 'right', 'right', 'right']",2.4074517442369494,0.07765973368506289
123,2,"Qlearntab_Language_{'alpha': 0.05, 'gamma': 0.95, 'epsilon': 0.2, 'epsilon_step': 0.01}",,123,1,0.95,104.60000000000015,0.014959573745727539,"['right', 'right']",2.409148513403644,0.0777144681743111
124,2,"Qlearntab_Language_{'alpha': 0.05, 'gamma': 0.95, 'epsilon': 0.2, 'epsilon_step': 0.01}",,124,1,0.95,105.55000000000015,0.012964963912963867,"['right', 'right']",2.410765484874653,0.07776662854434364
125,2,"Qlearntab_Language_{'alpha': 0.05, 'gamma': 0.95, 'epsilon': 0.2, 'epsilon_step': 0.01}",,125,4,0.8,106.35000000000015,0.03091716766357422,"['up', 'right', 'right', 'right', 'right']",2.437134347343455,0.07861723701107919
126,2,"Qlearntab_Language_{'alpha': 0.05, 'gamma': 0.95, 'epsilon': 0.2, 'epsilon_step': 0.01}",,126,1,0.95,107.30000000000015,0.011968851089477539,"['right', 'right']",2.440481755685325,0.07872521792533307
127,2,"Qlearntab_Language_{'alpha': 0.05, 'gamma': 0.95, 'epsilon': 0.2, 'epsilon_step': 0.01}",,127,2,0.9,108.20000000000016,0.015956401824951172,"['right', 'right', 'right']",2.439304667235405,0.07868724733017436
128,2,"Qlearntab_Language_{'alpha': 0.05, 'gamma': 0.95, 'epsilon': 0.2, 'epsilon_step': 0.01}",,128,1,0.95,109.15000000000016,0.010970115661621094,"['right', 'right']",2.442551987139237,0.07879199958513668
129,2,"Qlearntab_Language_{'alpha': 0.05, 'gamma': 0.95, 'epsilon': 0.2, 'epsilon_step': 0.01}",,129,1,0.95,110.10000000000016,0.013962507247924805,"['right', 'right']",2.445640841493926,0.07889164004819117
130,2,"Qlearntab_Language_{'alpha': 0.05, 'gamma': 0.95, 'epsilon': 0.2, 'epsilon_step': 0.01}",,130,1,0.95,111.05000000000017,0.010970115661621094,"['right', 'right']",2.448578958554627,0.0789864180178912
131,2,"Qlearntab_Language_{'alpha': 0.05, 'gamma': 0.95, 'epsilon': 0.2, 'epsilon_step': 0.01}",,131,2,0.9,111.95000000000017,0.020944833755493164,"['right', 'up', 'right']",2.485093176797259,0.08016429602571803
132,2,"Qlearntab_Language_{'alpha': 0.05, 'gamma': 0.95, 'epsilon': 0.2, 'epsilon_step': 0.01}",,132,1,0.95,112.90000000000018,0.012965202331542969,"['right', 'right']",2.487751515734403,0.08025004889465816
133,2,"Qlearntab_Language_{'alpha': 0.05, 'gamma': 0.95, 'epsilon': 0.2, 'epsilon_step': 0.01}",,133,1,0.95,113.85000000000018,0.011968135833740234,"['right', 'right']",2.490280114662374,0.08033161660201207
134,2,"Qlearntab_Language_{'alpha': 0.05, 'gamma': 0.95, 'epsilon': 0.2, 'epsilon_step': 0.01}",,134,3,0.85,114.70000000000017,0.023977041244506836,"['right', 'right', 'right', 'right']",2.4852359712417513,0.08016890229812101
135,2,"Qlearntab_Language_{'alpha': 0.05, 'gamma': 0.95, 'epsilon': 0.2, 'epsilon_step': 0.01}",,135,1,0.95,115.65000000000018,0.01197052001953125,"['right', 'right']",2.489293554526864,0.08029979208151174
136,2,"Qlearntab_Language_{'alpha': 0.05, 'gamma': 0.95, 'epsilon': 0.2, 'epsilon_step': 0.01}",,136,1,0.95,116.60000000000018,0.010971784591674805,"['right', 'right']",2.4931509824746683,0.08042422524111834
137,2,"Qlearntab_Language_{'alpha': 0.05, 'gamma': 0.95, 'epsilon': 0.2, 'epsilon_step': 0.01}",,137,2,0.9,117.50000000000018,0.01795172691345215,"['right', 'up', 'right']",2.5288693570211915,0.08157643087165134
138,2,"Qlearntab_Language_{'alpha': 0.05, 'gamma': 0.95, 'epsilon': 0.2, 'epsilon_step': 0.01}",,138,1,0.95,118.45000000000019,0.010970354080200195,"['right', 'right']",2.5323556022517244,0.08168889039521691
139,2,"Qlearntab_Language_{'alpha': 0.05, 'gamma': 0.95, 'epsilon': 0.2, 'epsilon_step': 0.01}",,139,1,0.95,119.40000000000019,0.011969327926635742,"['right', 'right']",2.5356698705618594,0.08179580227618902
140,2,"Qlearntab_Language_{'alpha': 0.05, 'gamma': 0.95, 'epsilon': 0.2, 'epsilon_step': 0.01}",,140,3,0.85,120.25000000000018,0.021941184997558594,"['left', 'right', 'right', 'right']",2.5710963753739366,0.08293859275399795
141,2,"Qlearntab_Language_{'alpha': 0.05, 'gamma': 0.95, 'epsilon': 0.2, 'epsilon_step': 0.01}",,141,1,0.95,121.20000000000019,0.010969400405883789,"['right', 'right']",2.5740917178145706,0.08303521670369582
142,2,"Qlearntab_Language_{'alpha': 0.05, 'gamma': 0.95, 'epsilon': 0.2, 'epsilon_step': 0.01}",,142,1,0.95,122.15000000000019,0.012964963912963867,"['right', 'right']",2.5769392953962735,0.08312707404504108
143,2,"Qlearntab_Language_{'alpha': 0.05, 'gamma': 0.95, 'epsilon': 0.2, 'epsilon_step': 0.01}",,143,1,0.95,123.1000000000002,0.012965202331542969,"['right', 'right']",2.5796463962488367,0.08321439987899473
144,2,"Qlearntab_Language_{'alpha': 0.05, 'gamma': 0.95, 'epsilon': 0.2, 'epsilon_step': 0.01}",,144,1,0.95,124.0500000000002,0.012965202331542969,"['right', 'right']",2.5822199491012197,0.08329741771294256
145,2,"Qlearntab_Language_{'alpha': 0.05, 'gamma': 0.95, 'epsilon': 0.2, 'epsilon_step': 0.01}",,145,1,0.95,125.0000000000002,0.010968923568725586,"['right', 'right']",2.584666541001309,0.0833763400323003
146,2,"Qlearntab_Language_{'alpha': 0.05, 'gamma': 0.95, 'epsilon': 0.2, 'epsilon_step': 0.01}",,146,1,0.95,125.9500000000002,0.01595616340637207,"['right', 'right']",2.5869924341622035,0.08345136884394205
147,2,"Qlearntab_Language_{'alpha': 0.05, 'gamma': 0.95, 'epsilon': 0.2, 'epsilon_step': 0.01}",,147,1,0.95,126.9000000000002,0.013962984085083008,"['right', 'right']",2.5892035819780714,0.08352269619284101
148,2,"Qlearntab_Language_{'alpha': 0.05, 'gamma': 0.95, 'epsilon': 0.2, 'epsilon_step': 0.01}",,148,2,0.9,127.80000000000021,0.019947052001953125,"['down', 'right', 'right']",2.6249737150238697,0.08467657145238289
149,2,"Qlearntab_Language_{'alpha': 0.05, 'gamma': 0.95, 'epsilon': 0.2, 'epsilon_step': 0.01}",,149,1,0.95,128.7500000000002,0.012965917587280273,"['right', 'right']",2.62697207243769,0.08474103459476419
150,2,"Qlearntab_Language_{'alpha': 0.05, 'gamma': 0.95, 'epsilon': 0.2, 'epsilon_step': 0.01}",,150,1,0.95,129.7000000000002,0.009972572326660156,"['right', 'right']",2.6288718403230686,0.08480231742977641
151,2,"Qlearntab_Language_{'alpha': 0.05, 'gamma': 0.95, 'epsilon': 0.2, 'epsilon_step': 0.01}",,151,1,0.95,130.65000000000018,0.01096963882446289,"['right', 'right']",2.6306778817393157,0.0848605768303005
152,2,"Qlearntab_Language_{'alpha': 0.05, 'gamma': 0.95, 'epsilon': 0.2, 'epsilon_step': 0.01}",,152,2,0.9,131.55000000000018,0.018950223922729492,"['down', 'right', 'right']",2.664745095673976,0.08595951921528956
153,2,"Qlearntab_Language_{'alpha': 0.05, 'gamma': 0.95, 'epsilon': 0.2, 'epsilon_step': 0.01}",,153,1,0.95,132.50000000000017,0.014960050582885742,"['right', 'right']",2.6663773258270114,0.08601217180087134
154,2,"Qlearntab_Language_{'alpha': 0.05, 'gamma': 0.95, 'epsilon': 0.2, 'epsilon_step': 0.01}",,154,1,0.95,133.45000000000016,0.012964725494384766,"['right', 'right']",2.667929026415459,0.0860622266585632
155,2,"Qlearntab_Language_{'alpha': 0.05, 'gamma': 0.95, 'epsilon': 0.2, 'epsilon_step': 0.01}",,155,1,0.95,134.40000000000015,0.011967658996582031,"['right', 'right']",2.669404169820396,0.0861098119296902
156,2,"Qlearntab_Language_{'alpha': 0.05, 'gamma': 0.95, 'epsilon': 0.2, 'epsilon_step': 0.01}",,156,1,0.95,135.35000000000014,0.012965917587280273,"['right', 'right']",2.670806532508702,0.08615504943576457
157,2,"Qlearntab_Language_{'alpha': 0.05, 'gamma': 0.95, 'epsilon': 0.2, 'epsilon_step': 0.01}",,157,1,0.95,136.30000000000013,0.009971857070922852,"['right', 'right']",2.672139704693527,0.08619805499011378
158,2,"Qlearntab_Language_{'alpha': 0.05, 'gamma': 0.95, 'epsilon': 0.2, 'epsilon_step': 0.01}",,158,1,0.95,137.2500000000001,0.014959096908569336,"['right', 'right']",2.6734070995184993,0.08623893869414515
159,2,"Qlearntab_Language_{'alpha': 0.05, 'gamma': 0.95, 'epsilon': 0.2, 'epsilon_step': 0.01}",,159,1,0.95,138.2000000000001,0.011967897415161133,"['right', 'right']",2.6746119617891413,0.08627780521900456
160,2,"Qlearntab_Language_{'alpha': 0.05, 'gamma': 0.95, 'epsilon': 0.2, 'epsilon_step': 0.01}",,160,1,0.95,139.1500000000001,0.011966705322265625,"['right', 'right']",2.675757376273824,0.08631475407334917
161,2,"Qlearntab_Language_{'alpha': 0.05, 'gamma': 0.95, 'epsilon': 0.2, 'epsilon_step': 0.01}",,161,1,0.95,140.10000000000008,0.009972810745239258,"['right', 'right']",2.6768462755954667,0.08634987985791828
162,2,"Qlearntab_Language_{'alpha': 0.05, 'gamma': 0.95, 'epsilon': 0.2, 'epsilon_step': 0.01}",,162,1,0.95,141.05000000000007,0.013962507247924805,"['right', 'right']",2.677881447734162,0.08638327250755361
163,2,"Qlearntab_Language_{'alpha': 0.05, 'gamma': 0.95, 'epsilon': 0.2, 'epsilon_step': 0.01}",,163,3,0.85,141.90000000000006,0.02592945098876953,"['right', 'down', 'right', 'right']",2.7056049374051163,0.08727757862597149
164,2,"Qlearntab_Language_{'alpha': 0.05, 'gamma': 0.95, 'epsilon': 0.2, 'epsilon_step': 0.01}",,164,1,0.95,142.85000000000005,0.011967658996582031,"['right', 'right']",2.706763765251708,0.08731496016940993
165,2,"Qlearntab_Language_{'alpha': 0.05, 'gamma': 0.95, 'epsilon': 0.2, 'epsilon_step': 0.01}",,165,1,0.95,143.80000000000004,0.013962268829345703,"['right', 'right']",2.707865267115285,0.08735049248758983
166,2,"Qlearntab_Language_{'alpha': 0.05, 'gamma': 0.95, 'epsilon': 0.2, 'epsilon_step': 0.01}",,166,1,0.95,144.75000000000003,0.012964963912963867,"['right', 'right']",2.7089122785245325,0.08738426704917847
167,2,"Qlearntab_Language_{'alpha': 0.05, 'gamma': 0.95, 'epsilon': 0.2, 'epsilon_step': 0.01}",,167,1,0.95,145.70000000000002,0.012966394424438477,"['right', 'right']",2.709907494770224,0.0874163707990395
168,2,"Qlearntab_Language_{'alpha': 0.05, 'gamma': 0.95, 'epsilon': 0.2, 'epsilon_step': 0.01}",,168,1,0.95,146.65,0.013962030410766602,"['right', 'right']",2.7108534778401925,0.08744688638194169
169,2,"Qlearntab_Language_{'alpha': 0.05, 'gamma': 0.95, 'epsilon': 0.2, 'epsilon_step': 0.01}",,169,1,0.95,147.6,0.012964010238647461,"['right', 'right']",2.7117526630113957,0.08747589235520631
170,2,"Qlearntab_Language_{'alpha': 0.05, 'gamma': 0.95, 'epsilon': 0.2, 'epsilon_step': 0.01}",,170,1,0.95,148.54999999999998,0.013962507247924805,"['right', 'right']",2.712607365116036,0.08750346339083986
171,2,"Qlearntab_Language_{'alpha': 0.05, 'gamma': 0.95, 'epsilon': 0.2, 'epsilon_step': 0.01}",,171,1,0.95,149.49999999999997,0.011966943740844727,"['right', 'right']",2.71341978449784,0.08752967046767227
172,2,"Qlearntab_Language_{'alpha': 0.05, 'gamma': 0.95, 'epsilon': 0.2, 'epsilon_step': 0.01}",,172,1,0.95,150.44999999999996,0.013962507247924805,"['right', 'right']",2.7141920126738315,0.08755458105399457
173,2,"Qlearntab_Language_{'alpha': 0.05, 'gamma': 0.95, 'epsilon': 0.2, 'epsilon_step': 0.01}",,173,1,0.95,151.39999999999995,0.010970115661621094,"['right', 'right']",2.714926037716136,0.08757825928116568
174,2,"Qlearntab_Language_{'alpha': 0.05, 'gamma': 0.95, 'epsilon': 0.2, 'epsilon_step': 0.01}",,174,1,0.95,152.34999999999994,0.012964248657226562,"['right', 'right']",2.715623749367683,0.08760076610863493
175,2,"Qlearntab_Language_{'alpha': 0.05, 'gamma': 0.95, 'epsilon': 0.2, 'epsilon_step': 0.01}",,175,1,0.95,153.29999999999993,0.010969877243041992,"['right', 'right']",2.716286943904942,0.08762215948080458
176,2,"Qlearntab_Language_{'alpha': 0.05, 'gamma': 0.95, 'epsilon': 0.2, 'epsilon_step': 0.01}",,176,1,0.95,154.24999999999991,0.010970592498779297,"['right', 'right']",2.7169173287602133,0.08764249447613591
177,2,"Qlearntab_Language_{'alpha': 0.05, 'gamma': 0.95, 'epsilon': 0.2, 'epsilon_step': 0.01}",,177,1,0.95,155.1999999999999,0.01296544075012207,"['right', 'right']",2.717516526915352,0.08766182344888232
178,2,"Qlearntab_Language_{'alpha': 0.05, 'gamma': 0.95, 'epsilon': 0.2, 'epsilon_step': 0.01}",,178,4,0.8,155.99999999999991,0.03191423416137695,"['right', 'left', 'right', 'right', 'right']",2.7478001096851847,0.08863871321565112
179,2,"Qlearntab_Language_{'alpha': 0.05, 'gamma': 0.95, 'epsilon': 0.2, 'epsilon_step': 0.01}",,179,2,0.9,156.89999999999992,0.017952919006347656,"['right', 'up', 'right']",2.779057890962919,0.08964702874073932
180,2,"Qlearntab_Language_{'alpha': 0.05, 'gamma': 0.95, 'epsilon': 0.2, 'epsilon_step': 0.01}",,180,1,0.95,157.8499999999999,0.010970115661621094,"['right', 'right']",2.779785543228601,0.08967050139447101
181,2,"Qlearntab_Language_{'alpha': 0.05, 'gamma': 0.95, 'epsilon': 0.2, 'epsilon_step': 0.01}",,181,1,0.95,158.7999999999999,0.01196742057800293,"['right', 'right']",2.780477083739051,0.08969280915287262
182,2,"Qlearntab_Language_{'alpha': 0.05, 'gamma': 0.95, 'epsilon': 0.2, 'epsilon_step': 0.01}",,182,2,0.9,159.6999999999999,0.01894831657409668,"['down', 'right', 'right']",2.8113126444738152,0.09068750466044566
183,2,"Qlearntab_Language_{'alpha': 0.05, 'gamma': 0.95, 'epsilon': 0.2, 'epsilon_step': 0.01}",,183,1,0.95,160.6499999999999,0.011968374252319336,"['right', 'right']",2.811937248683279,0.09070765318333159
184,2,"Qlearntab_Language_{'alpha': 0.05, 'gamma': 0.95, 'epsilon': 0.2, 'epsilon_step': 0.01}",,184,3,0.85,161.4999999999999,0.023936748504638672,"['right', 'left', 'right', 'right']",2.8475991078367593,0.09185803573666966
185,2,"Qlearntab_Language_{'alpha': 0.05, 'gamma': 0.95, 'epsilon': 0.2, 'epsilon_step': 0.01}",,185,1,0.95,162.44999999999987,0.01196908950805664,"['right', 'right']",2.8481352786867973,0.09187533157054185
186,2,"Qlearntab_Language_{'alpha': 0.05, 'gamma': 0.95, 'epsilon': 0.2, 'epsilon_step': 0.01}",,186,1,0.95,163.39999999999986,0.009973287582397461,"['right', 'right']",2.848644850579131,0.09189176937352035
187,2,"Qlearntab_Language_{'alpha': 0.05, 'gamma': 0.95, 'epsilon': 0.2, 'epsilon_step': 0.01}",,187,1,0.95,164.34999999999985,0.010970115661621094,"['right', 'right']",2.8491291429824046,0.09190739170910983
188,2,"Qlearntab_Language_{'alpha': 0.05, 'gamma': 0.95, 'epsilon': 0.2, 'epsilon_step': 0.01}",,188,4,0.8,165.14999999999986,0.03590273857116699,"['up', 'right', 'left', 'right', 'right']",2.9145763978651393,0.09401859347952063
189,2,"Qlearntab_Language_{'alpha': 0.05, 'gamma': 0.95, 'epsilon': 0.2, 'epsilon_step': 0.01}",,189,1,0.95,166.09999999999985,0.009973287582397461,"['right', 'right']",2.9149921481580545,0.09403200477929208
190,2,"Qlearntab_Language_{'alpha': 0.05, 'gamma': 0.95, 'epsilon': 0.2, 'epsilon_step': 0.01}",,190,1,0.95,167.04999999999984,0.013962030410766602,"['right', 'right']",2.915387281644451,0.09404475102078874
191,2,"Qlearntab_Language_{'alpha': 0.05, 'gamma': 0.95, 'epsilon': 0.2, 'epsilon_step': 0.01}",,191,1,0.95,167.99999999999983,0.015958547592163086,"['right', 'right']",2.915762820629248,0.09405686518158865
192,2,"Qlearntab_Language_{'alpha': 0.05, 'gamma': 0.95, 'epsilon': 0.2, 'epsilon_step': 0.01}",,192,1,0.95,168.94999999999982,0.011968374252319336,"['right', 'right']",2.9161197367288905,0.09406837860415776
193,2,"Qlearntab_Language_{'alpha': 0.05, 'gamma': 0.95, 'epsilon': 0.2, 'epsilon_step': 0.01}",,193,2,0.9,169.84999999999982,0.018948793411254883,"['right', 'right', 'right']",2.911962559223427,0.09393427610398151
194,2,"Qlearntab_Language_{'alpha': 0.05, 'gamma': 0.95, 'epsilon': 0.2, 'epsilon_step': 0.01}",,194,1,0.95,170.7999999999998,0.014960050582885742,"['right', 'right']",2.9125097737970775,0.0939519281870025
195,2,"Qlearntab_Language_{'alpha': 0.05, 'gamma': 0.95, 'epsilon': 0.2, 'epsilon_step': 0.01}",,195,1,0.95,171.7499999999998,0.010970354080200195,"['right', 'right']",2.9130297597327397,0.09396870192686257
196,2,"Qlearntab_Language_{'alpha': 0.05, 'gamma': 0.95, 'epsilon': 0.2, 'epsilon_step': 0.01}",,196,1,0.95,172.6999999999998,0.011967658996582031,"['right', 'right']",2.913523871857779,0.09398464102767029
197,2,"Qlearntab_Language_{'alpha': 0.05, 'gamma': 0.95, 'epsilon': 0.2, 'epsilon_step': 0.01}",,197,1,0.95,173.64999999999978,0.01196908950805664,"['right', 'right']",2.913993397588418,0.09399978701898122
198,2,"Qlearntab_Language_{'alpha': 0.05, 'gamma': 0.95, 'epsilon': 0.2, 'epsilon_step': 0.01}",,198,1,0.95,174.59999999999977,0.013961553573608398,"['right', 'right']",2.9144395602837845,0.09401417936399305
199,2,"Qlearntab_Language_{'alpha': 0.05, 'gamma': 0.95, 'epsilon': 0.2, 'epsilon_step': 0.01}",,199,2,0.9,175.49999999999977,0.018950700759887695,"['right', 'right', 'right']",2.9103711555247074,0.09388294050079701
